"ID","PROLIFIC_PID","counterScenarios","vignette_order_position","vignette_id","condition_FutureSociety","pe1","pe2","pe3","pe4","att_ideal","att_beneficial","att_utopian","att_desirable","att_innovative","att_live_in","para_countclicks","time_run","time_render","time_show"
3,"6a08b810d807f5805aabe02e",0,1,"religious","religious","2","2","5","5","2","2","1","2","2","2",2,399052.5,399058.058,399058.058
3,"6a08b810d807f5805aabe02e",1,2,"primitivist","primitivist","5","5","5","5","5","5","5","5","4","5",0,485900.599999964,485905.23,485921.6
3,"6a08b810d807f5805aabe02e",2,3,"moderngreen","moderngreen","7","7","7","7","7","7","7","7","7","7",0,591297.699999988,591303.598,591304.2
3,"6a08b810d807f5805aabe02e",3,4,"anarchic","anarchic","6","6","6","6","6","5","5","6","4","5",1,823172.800000012,823183.224,823183.3
3,"6a08b810d807f5805aabe02e",4,5,"futurist","futurist","7","7","6","7","7","7","7","7","7","7",0,950808,950813.764,950814.4
3,"6a08b810d807f5805aabe02e",5,6,"aicentered","aicentered","6","6","6","6","3","3","3","5","4","2",0,992931.599999964,992929.798,992946.7
3,"6a08b810d807f5805aabe02e",6,7,"lawBased","lawBased","6","6","6","6","6","6","5","6","4","6",1,1042286,1042279.866,1042295.2
4,"67103e4ed56cde03a0f2476b",0,1,"anarchic","anarchic","6","4","5","4","4","5","4","5","6","5",0,579619,579623.332,579623.332
4,"67103e4ed56cde03a0f2476b",1,2,"religious","religious","4","4","3","3","2","3","3","3","5","2",0,620408.599999905,620415.1,620425.2
4,"67103e4ed56cde03a0f2476b",2,3,"aicentered","aicentered","2","2","1","2","2","2","2","1","2","2",0,654098.5,654097.7,654107.7
4,"67103e4ed56cde03a0f2476b",3,4,"futurist","futurist","5","4","4","4","4","5","5","6","6","5",0,684372.800000191,684379,684389
4,"67103e4ed56cde03a0f2476b",4,5,"moderngreen","moderngreen","5","5","5","6","4","4","5","4","6","5",2,714806.5,714810.3,714820.3
4,"67103e4ed56cde03a0f2476b",5,6,"lawBased","lawBased","6","4","5","5","4","4","5","5","5","5",2,783048.099999905,783055.7,783065.8
4,"67103e4ed56cde03a0f2476b",6,7,"primitivist","primitivist","6","5","5","5","4","6","5","4","6","5",1,815140.599999905,815147.7,815157.8
5,"59a07638bfd73c00010ea394",0,1,"primitivist","primitivist","6","2","2","6","6","6","3","6","6","2",1,245894,245906.372,245906.4
5,"59a07638bfd73c00010ea394",1,2,"anarchic","anarchic","6","2","2","6","6","6","6","6","6","6",0,337839.300000012,337839.9,337853.3
5,"59a07638bfd73c00010ea394",2,3,"religious","religious","6","2","2","6","1","1","1","1","1","1",4,394047.099999994,394050.666,394060.6
5,"59a07638bfd73c00010ea394",3,4,"lawBased","lawBased","6","6","6","6","6","6","2","6","1","6",1,441991,442000.6,442013.9
5,"59a07638bfd73c00010ea394",4,5,"aicentered","aicentered","2","2","2","2","1","1","1","1","7","1",1,496311.199999988,496314.6,496327.9
5,"59a07638bfd73c00010ea394",5,6,"futurist","futurist","6","2","2","6","7","7","7","7","7","7",2,528217.199999988,528216.466,528226.4
5,"59a07638bfd73c00010ea394",6,7,"moderngreen","moderngreen","6","2","2","6","6","6","5","6","6","6",0,570270.900000006,570272.4,570285.7
6,"63d7b1a77e23b5460ab88069",0,1,"religious","religious","2","2","2","2","1","1","1","1","1","1",2,263214.5,263223.266,263239.8
6,"63d7b1a77e23b5460ab88069",1,2,"anarchic","anarchic","6","6","6","6","3","3","3","5","4","3",7,389497.900000006,389510.732,389527.4
6,"63d7b1a77e23b5460ab88069",2,3,"aicentered","aicentered","1","1","1","1","4","6","2","5","7","2",2,493055.5,493064.2,493080.8
6,"63d7b1a77e23b5460ab88069",3,4,"lawBased","lawBased","6","6","6","6","6","6","2","6","2","6",0,544443.100000001,544432.532,544449
6,"63d7b1a77e23b5460ab88069",4,5,"primitivist","primitivist","6","6","6","6","6","6","5","6","6","6",0,577571.300000004,577567,577583.5
6,"63d7b1a77e23b5460ab88069",5,6,"futurist","futurist","2","2","2","2","5","5","2","5","6","2",2,714193.200000003,714204.73,714221.5
6,"63d7b1a77e23b5460ab88069",6,7,"moderngreen","moderngreen","2","2","2","2","4","6","2","6","5","2",1,818371.100000001,818374.864,818391.5
7,"69c4160ec318cfcd7d4f37a4",0,1,"anarchic","anarchic","6","4","6","6","7","4","3","7","7","7",0,469162.200000048,469226.022,469226.022
7,"69c4160ec318cfcd7d4f37a4",1,2,"religious","religious","5","5","6","4","2","4","2","3","2","2",1,627108.800000072,627112.478,627128.2
7,"69c4160ec318cfcd7d4f37a4",2,3,"lawBased","lawBased","6","6","5","3","2","4","2","2","2","2",2,752438.700000048,752444.93,752444.93
7,"69c4160ec318cfcd7d4f37a4",3,4,"futurist","futurist","6","5","6","6","6","6","5","6","6","6",0,847332.600000024,847339.522,847339.522
7,"69c4160ec318cfcd7d4f37a4",4,5,"primitivist","primitivist","2","2","2","2","6","7","5","5","4","5",0,945841.899999976,945848.1,945848.1
7,"69c4160ec318cfcd7d4f37a4",5,6,"aicentered","aicentered","4","2","4","3","4","5","5","6","6","5",0,1040722,1040726.138,1040726.138
7,"69c4160ec318cfcd7d4f37a4",6,7,"moderngreen","moderngreen","4","5","4","6","7","7","6","6","7","6",1,1131438.30000007,1131442.346,1131442.346
8,"69fe9e67a20599144f688b50",0,1,"aicentered","aicentered","5","2","5","2","2","2","1","2","5","2",0,242278.600000143,242279.362,242295.4
8,"69fe9e67a20599144f688b50",1,2,"anarchic","anarchic","6","6","6","7","1","1","1","1","1","1",1,345346.400000095,345340.03,345356.6
8,"69fe9e67a20599144f688b50",2,3,"lawBased","lawBased","6","6","6","6","5","6","2","3","2","5",0,402731.299999952,402737.466,402753.9
8,"69fe9e67a20599144f688b50",3,4,"primitivist","primitivist","5","5","5","5","5","6","5","5","7","6",0,452587.700000048,452584.8,452601.5
8,"69fe9e67a20599144f688b50",4,5,"futurist","futurist","5","5","5","5","3","3","2","5","6","5",0,504145.299999952,504148.898,504165.2
8,"69fe9e67a20599144f688b50",5,6,"moderngreen","moderngreen","5","5","6","7","6","6","6","6","7","6",3,535991,535997.1,536013.7
8,"69fe9e67a20599144f688b50",6,7,"religious","religious","6","5","6","7","1","1","1","1","1","1",1,572795.799999952,572795.132,572811.7
9,"69e91fd1a613772e648e565a",0,1,"moderngreen","moderngreen","7","7","7","7","6","7","4","7","7","7",0,499003.299999982,499027.862,499027.862
9,"69e91fd1a613772e648e565a",1,2,"primitivist","primitivist","5","5","5","5","7","5","4","5","4","4",2,604823.199999988,604901.58,604901.58
9,"69e91fd1a613772e648e565a",2,3,"religious","religious","4","4","4","4","3","4","3","3","3","3",0,713294.699999988,713309.932,713309.932
9,"69e91fd1a613772e648e565a",3,4,"futurist","futurist","5","5","5","5","5","6","4","4","6","6",2,755757.199999988,755765.192,755781.5
9,"69e91fd1a613772e648e565a",4,5,"anarchic","anarchic","6","6","6","6","7","7","5","7","6","7",1,826040.699999988,826043.122,826059.4
9,"69e91fd1a613772e648e565a",5,6,"lawBased","lawBased","7","7","7","7","7","7","7","7","7","7",0,873255.5,873261.752,873278
9,"69e91fd1a613772e648e565a",6,7,"aicentered","aicentered","5","5","5","5","4","5","4","6","6","5",0,912827.299999982,912826.286,912842.3
11,"673e5fc42cbf961c153d09d3",0,1,"futurist","futurist","7","7","7","7","1","5","7","1","7","2",1,168625.5,168632.824,168637.2
11,"673e5fc42cbf961c153d09d3",1,2,"religious","religious","3","2","3","2","1","1","5","1","2","1",0,259163,259165.73,259179.6
11,"673e5fc42cbf961c153d09d3",2,3,"moderngreen","moderngreen","7","6","7","7","5","6","4","6","7","5",0,332560.799999997,332565.8,332579.6
11,"673e5fc42cbf961c153d09d3",3,4,"aicentered","aicentered","1","1","1","1","4","6","1","5","3","5",4,462740.299999997,462736.7,462750.5
11,"673e5fc42cbf961c153d09d3",4,5,"primitivist","primitivist","6","6","6","7","1","1","7","1","1","1",0,622504,622504.63,622518.5
11,"673e5fc42cbf961c153d09d3",5,6,"lawBased","lawBased","1","1","1","1","1","3","7","1","1","2",1,672315.099999994,672319.1,672333
11,"673e5fc42cbf961c153d09d3",6,7,"anarchic","anarchic","7","7","7","7","5","5","1","5","6","4",2,710507.599999994,710514.6,710542.4
12,"6a04a5a7e230bb73b88bd6e6",0,1,"lawBased","lawBased","5","5","5","5","4","5","5","5","5","4",2,1074900,1075091.756,1075108.5
12,"6a04a5a7e230bb73b88bd6e6",1,2,"anarchic","anarchic","7","6","6","6","5","5","5","5","5","5",2,1127877,1127911.796,1127928.6
12,"6a04a5a7e230bb73b88bd6e6",2,3,"futurist","futurist","7","6","6","7","5","5","5","5","6","6",0,1186696,1186734.13,1186734.2
12,"6a04a5a7e230bb73b88bd6e6",3,4,"aicentered","aicentered","6","6","6","5","6","6","6","6","7","6",0,1256208,1256243.864,1256260.6
12,"6a04a5a7e230bb73b88bd6e6",4,5,"primitivist","primitivist","5","5","5","5","5","6","5","6","5","6",0,1368518,1368586.562,1368603.3
12,"6a04a5a7e230bb73b88bd6e6",5,6,"religious","religious","4","3","4","5","4","3","4","3","2","3",2,1442443,1442481.398,1442481.398
12,"6a04a5a7e230bb73b88bd6e6",6,7,"moderngreen","moderngreen","5","5","5","5","5","5","5","6","7","5",0,1496703,1496751.93,1496751.93
14,"5f68fdce1c675a0baf13e0ff",0,1,"aicentered","aicentered","2","2","2","2","4","5","4","4","5","4",1,915442,915453,915483
14,"5f68fdce1c675a0baf13e0ff",1,2,"moderngreen","moderngreen","6","6","6","6","6","6","6","6","6","6",0,1090113,1090121,1090136
14,"5f68fdce1c675a0baf13e0ff",2,3,"primitivist","primitivist","3","3","3","3","2","5","3","2","3","2",0,1196279,1196287,1196303
14,"5f68fdce1c675a0baf13e0ff",3,4,"lawBased","lawBased","3","3","3","3","3","4","2","3","2","3",0,1291481,1291488,1291505
14,"5f68fdce1c675a0baf13e0ff",4,5,"futurist","futurist","2","2","2","2","5","6","5","6","5","5",0,1389116,1389125,1389139
14,"5f68fdce1c675a0baf13e0ff",5,6,"anarchic","anarchic","2","2","2","2","2","2","2","2","5","2",0,1522285,1522293,1522307
14,"5f68fdce1c675a0baf13e0ff",6,7,"religious","religious","1","1","1","1","1","1","1","1","1","1",0,1627131,1627142,1627158
16,"5e3a8aeedc1d57292aea3f22",0,1,"lawBased","lawBased","6","6","6","6","6","6","5","6","4","6",0,211767.700000048,211796.802,211796.802
16,"5e3a8aeedc1d57292aea3f22",1,2,"religious","religious","3","4","3","4","4","4","3","4","5","4",0,301405.300000072,301414.62,301414.62
16,"5e3a8aeedc1d57292aea3f22",2,3,"primitivist","primitivist","6","6","6","6","3","5","2","3","5","3",0,363142.899999976,363148.764,363148.764
16,"5e3a8aeedc1d57292aea3f22",3,4,"aicentered","aicentered","2","2","2","2","4","4","3","4","6","3",0,430685.700000048,430699.596,430699.6
16,"5e3a8aeedc1d57292aea3f22",4,5,"futurist","futurist","6","6","6","6","5","6","5","5","6","5",5,480906.100000024,480916.998,480916.998
16,"5e3a8aeedc1d57292aea3f22",5,6,"anarchic","anarchic","6","6","6","6","3","2","3","3","5","2",0,542546.899999976,542551.264,542551.264
16,"5e3a8aeedc1d57292aea3f22",6,7,"moderngreen","moderngreen","6","6","6","6","5","6","5","5","6","6",5,586331.399999976,586335.13,586335.13
17,"6a192d7d9ea585de7ce45f2b",0,1,"lawBased","lawBased","5","5","5","5","2","3","2","2","2","2",0,211648.400000095,211668.328,211668.328
17,"6a192d7d9ea585de7ce45f2b",1,2,"religious","religious","5","5","5","5","1","2","1","1","1","1",0,315862,315870.564,315870.564
17,"6a192d7d9ea585de7ce45f2b",2,3,"primitivist","primitivist","6","6","6","6","2","2","2","2","2","2",1,365269.300000191,365274.132,365290.6
17,"6a192d7d9ea585de7ce45f2b",3,4,"futurist","futurist","4","4","2","2","5","5","4","5","6","5",1,415014.599999905,415027.532,415027.532
17,"6a192d7d9ea585de7ce45f2b",4,5,"moderngreen","moderngreen","4","4","3","3","4","5","3","5","5","4",2,466294,466295.966,466312.5
17,"6a192d7d9ea585de7ce45f2b",5,6,"aicentered","aicentered","1","1","1","1","1","1","1","1","5","1",1,519010.5,519013.1,519029.6
17,"6a192d7d9ea585de7ce45f2b",6,7,"anarchic","anarchic","5","5","5","5","5","6","4","5","5","5",1,555709.099999905,555712.466,555728.7
18,"6a1084a49839aa6ea0a82bff",0,1,"anarchic","anarchic","3","3","5","3","2","3","2","2","5","2",0,253540.900000095,253556.618,253556.618
18,"6a1084a49839aa6ea0a82bff",1,2,"aicentered","aicentered","4","5","6","5","1","1","1","1","2","1",0,320169.600000143,320166.828,320166.828
18,"6a1084a49839aa6ea0a82bff",2,3,"lawBased","lawBased","4","4","5","6","4","5","3","5","6","5",0,362262.5,362262.332,362262.332
18,"6a1084a49839aa6ea0a82bff",3,4,"futurist","futurist","6","6","5","6","5","5","5","5","7","6",0,411446.900000095,411457.6,411474
18,"6a1084a49839aa6ea0a82bff",4,5,"primitivist","primitivist","3","3","5","5","1","4","1","2","3","1",1,454765.900000095,454769.96,454786.3
18,"6a1084a49839aa6ea0a82bff",5,6,"religious","religious","1","1","5","5","1","1","1","1","2","1",0,568970.600000143,568992.088,568992.088
18,"6a1084a49839aa6ea0a82bff",6,7,"moderngreen","moderngreen","5","5","5","6","6","6","6","5","6","5",0,599514.700000048,599538.998,599538.998
19,"69f36e51c308822e1b3ea121",0,1,"aicentered","aicentered","5","2","2","5","2","5","3","4","5","3",2,194141.5,194134.1,194150.7
19,"69f36e51c308822e1b3ea121",1,2,"anarchic","anarchic","6","6","6","6","5","7","6","5","6","5",1,309093.099999994,309100.3,309108.5
19,"69f36e51c308822e1b3ea121",2,3,"lawBased","lawBased","4","3","4","5","5","5","4","4","3","4",0,366899.799999997,366904.118,366912.4
19,"69f36e51c308822e1b3ea121",3,4,"futurist","futurist","1","1","4","1","3","5","4","3","7","3",2,418453.799999997,418449.6,418458
19,"69f36e51c308822e1b3ea121",4,5,"moderngreen","moderngreen","4","5","4","5","5","5","4","4","6","4",1,467916.900000006,467911.964,467920.1
19,"69f36e51c308822e1b3ea121",5,6,"primitivist","primitivist","4","5","5","5","2","2","2","2","4","1",0,508814.299999997,508811.598,508820
19,"69f36e51c308822e1b3ea121",6,7,"religious","religious","1","2","6","6","1","1","1","1","1","1",1,565866.400000006,565868.932,565869.5
21,"5e0e1b8800a6bf000a694f79",0,1,"religious","religious","5","4","4","6","1","2","1","1","1","1",0,598649,598648.4,598654.12
21,"5e0e1b8800a6bf000a694f79",1,2,"lawBased","lawBased","5","5","5","5","2","4","2","2","2","2",0,668028,668025.34,668029.24
21,"5e0e1b8800a6bf000a694f79",2,3,"anarchic","anarchic","6","6","6","6","5","6","4","6","6","6",2,732619,732622.6,732628.66
21,"5e0e1b8800a6bf000a694f79",3,4,"moderngreen","moderngreen","6","6","6","6","7","7","5","7","7","6",1,785929,785926.88,785931.24
21,"5e0e1b8800a6bf000a694f79",4,5,"aicentered","aicentered","4","4","4","4","1","1","1","1","1","1",0,843748,843745.38,843748.88
21,"5e0e1b8800a6bf000a694f79",5,6,"primitivist","primitivist","5","5","5","5","3","4","4","4","2","2",0,868920,868918.26,868923.54
21,"5e0e1b8800a6bf000a694f79",6,7,"futurist","futurist","5","5","5","5","4","4","4","4","4","3",0,902211,902209.12,902215
22,"69c1697f0df8e94cfb806f7a",0,1,"lawBased","lawBased","3","5","3","2","3","5","2","3","2","5",0,209243.399999857,209257.16,209257.16
22,"69c1697f0df8e94cfb806f7a",1,2,"aicentered","aicentered","5","5","4","3","1","1","2","1","2","1",0,330217.299999952,330223.796,330224
22,"69c1697f0df8e94cfb806f7a",2,3,"primitivist","primitivist","6","6","6","6","4","4","6","4","5","5",1,388852.899999857,388892.028,388907.4
22,"69c1697f0df8e94cfb806f7a",3,4,"moderngreen","moderngreen","6","6","5","5","5","6","6","5","6","6",0,451232.899999857,451240.962,451241
22,"69c1697f0df8e94cfb806f7a",4,5,"religious","religious","5","5","5","4","2","2","2","2","1","2",0,528792.699999809,528791.296,528811.8
22,"69c1697f0df8e94cfb806f7a",5,6,"futurist","futurist","3","3","4","4","3","4","3","5","5","4",0,576767.5,576776.096,576776.096
22,"69c1697f0df8e94cfb806f7a",6,7,"anarchic","anarchic","5","5","5","5","3","4","3","4","5","4",0,659426.899999857,659426.296,659426.296
23,"5e84f59e965b290c42fad433",0,1,"moderngreen","moderngreen","7","1","7","7","1","3","1","2","1","1",2,853833.800000191,853836.548,853836.548
23,"5e84f59e965b290c42fad433",1,2,"futurist","futurist","7","7","7","7","7","7","7","7","7","7",0,898428.400000572,898423.822,898439.9
23,"5e84f59e965b290c42fad433",2,3,"primitivist","primitivist","7","7","7","7","1","1","1","1","1","1",0,932120.800000191,932118.194,932134.6
23,"5e84f59e965b290c42fad433",3,4,"lawBased","lawBased","7","7","7","7","3","5","3","3","3","4",0,964213.100000381,964216.1,964233.1
23,"5e84f59e965b290c42fad433",4,5,"aicentered","aicentered","7","7","7","7","1","1","1","1","7","1",1,995394,995383.358,995399.5
23,"5e84f59e965b290c42fad433",5,6,"religious","religious","7","7","7","7","1","1","1","1","1","1",0,1023839.69999981,1023839.656,1023855.8
23,"5e84f59e965b290c42fad433",6,7,"anarchic","anarchic","7","7","7","7","2","3","7","2","5","3",0,1054008,1054008.294,1054024.4
24,"6a0ccabeb492695467a7d337",0,1,"aicentered","aicentered","6","6","6","6","6","6","6","6","6","6",2,562640.6,562685.862,562709
24,"6a0ccabeb492695467a7d337",1,2,"religious","religious","5","5","5","5","7","7","7","7","7","7",2,658253.199999999,658324.496,658324.5
24,"6a0ccabeb492695467a7d337",2,3,"lawBased","lawBased","6","6","6","6","6","6","7","7","7","7",0,694083.9,694109.452,694109.452
24,"6a0ccabeb492695467a7d337",3,4,"primitivist","primitivist","5","5","4","5","4","4","5","4","5","5",3,716741.199999999,716778.45,716781.7
24,"6a0ccabeb492695467a7d337",4,5,"futurist","futurist","6","6","6","6","6","5","5","6","4","6",2,740962.199999999,740987.44,740987.44
24,"6a0ccabeb492695467a7d337",5,6,"moderngreen","moderngreen","6","6","5","6","6","6","5","6","5","6",3,768544.699999999,768569.486,768569.486
24,"6a0ccabeb492695467a7d337",6,7,"anarchic","anarchic","7","7","7","7","7","7","7","7","7","7",0,804528.1,804541.03,804557.6
25,"6a1731c7cd92b077b3532875",0,1,"anarchic","anarchic","1","1","1","1","2","5","7","4","3","4",0,179975.799999997,180003.78,180003.78
25,"6a1731c7cd92b077b3532875",1,2,"primitivist","primitivist","5","5","6","7","1","1","7","1","1","1",2,254418.799999997,254415.332,254431.9
25,"6a1731c7cd92b077b3532875",2,3,"futurist","futurist","5","3","5","4","6","6","5","7","6","6",0,319319.899999999,319325.662,319325.7
25,"6a1731c7cd92b077b3532875",3,4,"aicentered","aicentered","2","1","4","4","3","5","3","3","5","3",0,381511.600000001,381519,381535.6
25,"6a1731c7cd92b077b3532875",4,5,"lawBased","lawBased","5","6","6","6","5","6","4","5","5","5",0,452073.899999999,452080.224,452096.8
25,"6a1731c7cd92b077b3532875",5,6,"moderngreen","moderngreen","3","3","3","3","5","6","7","3","6","3",2,491042.100000001,491053.166,491069.7
25,"6a1731c7cd92b077b3532875",6,7,"religious","religious","6","6","6","6","6","6","6","6","6","5",0,538978.199999996,538977.5,538994.1
26,"69fce5f3543a5fb23a96fd38",0,1,"moderngreen","moderngreen","4","4","5","5","4","5","5","5","5","4",0,340902.5,340926.258,340926.258
26,"69fce5f3543a5fb23a96fd38",1,2,"futurist","futurist","5","4","5","5","4","5","5","6","4","5",0,431389.900000095,431407.646,431407.646
26,"69fce5f3543a5fb23a96fd38",2,3,"aicentered","aicentered","3","3","3","3","3","3","3","3","3","3",0,585999.700000048,586004.098,586020.9
26,"69fce5f3543a5fb23a96fd38",3,4,"primitivist","primitivist","4","4","4","4","5","4","5","4","5","5",0,679966.599999905,679985.754,680002.1
26,"69fce5f3543a5fb23a96fd38",4,5,"lawBased","lawBased","3","3","3","3","3","3","3","3","3","3",0,740366.200000048,740384.39,740384.39
26,"69fce5f3543a5fb23a96fd38",5,6,"anarchic","anarchic","5","5","5","5","5","4","5","4","6","5",1,835091.900000095,835099.39,835115.5
26,"69fce5f3543a5fb23a96fd38",6,7,"religious","religious","1","1","1","1","1","1","1","1","1","1",0,1076477.5999999,1076477.418,1076493.9
27,"6a037281ac6ad91fede2d14d",0,1,"anarchic","anarchic","3","3","4","5","6","5","6","5","5","6",0,444268.200000003,444271.728,444277.3
27,"6a037281ac6ad91fede2d14d",1,2,"futurist","futurist","2","1","2","2","3","5","4","5","5","3",1,644624.799999997,644620.3,644627.3
27,"6a037281ac6ad91fede2d14d",2,3,"religious","religious","5","3","4","3","1","3","2","2","2","1",0,793071.700000003,793073.9,793080.7
27,"6a037281ac6ad91fede2d14d",3,4,"moderngreen","moderngreen","3","2","2","3","4","5","4","5","5","4",2,897921.400000006,897922.4,897929.3
27,"6a037281ac6ad91fede2d14d",4,5,"lawBased","lawBased","1","1","1","1","3","4","2","3","2","3",0,1167255.60000001,1167259.5,1167266.3
27,"6a037281ac6ad91fede2d14d",5,6,"primitivist","primitivist","3","2","3","2","6","5","5","5","5","4",0,1226272.40000001,1226274.2,1226281
27,"6a037281ac6ad91fede2d14d",6,7,"aicentered","aicentered","1","1","2","1","2","3","1","3","2","1",0,1321942.5,1321936.598,1321942.1
28,"6a1a3233ce9bfe00996eea1a",0,1,"anarchic","anarchic","3","5","3","5","4","5","6","4","4","3",0,250986.5,251000.03,251000.03
28,"6a1a3233ce9bfe00996eea1a",1,2,"aicentered","aicentered","2","4","2","5","1","1","7","1","3","1",2,349843.5,349848.352,349848.352
28,"6a1a3233ce9bfe00996eea1a",2,3,"futurist","futurist","5","6","5","6","5","5","4","4","5","4",1,433244.699999809,433247.03,433263.4
28,"6a1a3233ce9bfe00996eea1a",3,4,"primitivist","primitivist","5","5","5","5","3","3","3","2","2","1",1,501967.099999428,501979,501995.6
28,"6a1a3233ce9bfe00996eea1a",4,5,"religious","religious","5","5","5","5","2","2","5","2","3","1",1,549536.599999428,549545.1,549561.8
28,"6a1a3233ce9bfe00996eea1a",5,6,"lawBased","lawBased","2","4","2","5","2","2","7","1","2","1",1,598633,598644.198,598660.9
28,"6a1a3233ce9bfe00996eea1a",6,7,"moderngreen","moderngreen","5","5","5","5","5","5","2","4","5","4",1,640641.5,640643.614,640660.1
30,"69f45c14285f90281ed9122f",0,1,"futurist","futurist","5","5","7","2","5","5","5","5","7","5",1,281129.2,281151.028,281151.028
30,"69f45c14285f90281ed9122f",1,2,"anarchic","anarchic","7","7","7","7","7","5","5","7","7","7",0,425222.1,425219.46,425241.5
30,"69f45c14285f90281ed9122f",2,3,"lawBased","lawBased","3","3","7","3","4","5","4","6","6","6",1,489140.8,489136.866,489153.3
30,"69f45c14285f90281ed9122f",3,4,"primitivist","primitivist","7","7","7","7","7","7","7","7","7","7",0,549512.2,549520.968,549520.968
30,"69f45c14285f90281ed9122f",4,5,"moderngreen","moderngreen","7","7","7","7","3","3","3","3","7","3",0,597547.6,597554.762,597554.762
30,"69f45c14285f90281ed9122f",5,6,"religious","religious","7","7","7","7","7","7","7","7","7","7",0,650292,650288.7,650305.1
30,"69f45c14285f90281ed9122f",6,7,"aicentered","aicentered","3","3","5","3","7","7","6","7","7","7",0,696842.9,696839.228,696855.7
31,"6a0ccfac62d36e0c006f5a90",0,1,"anarchic","anarchic","5","5","5","5","5","6","7","6","6","5",3,172029.5,172028.928,172029
31,"6a0ccfac62d36e0c006f5a90",1,2,"lawBased","lawBased","3","3","3","3","4","5","5","5","5","3",2,289825,289834,289850.6
31,"6a0ccfac62d36e0c006f5a90",2,3,"religious","religious","2","2","2","2","3","3","6","3","3","3",2,380439.399999976,380454.5,380471.2
31,"6a0ccfac62d36e0c006f5a90",3,4,"futurist","futurist","5","5","5","5","6","6","7","6","6","5",1,453783.199999988,453791,453807.6
31,"6a0ccfac62d36e0c006f5a90",4,5,"aicentered","aicentered","3","3","3","3","6","6","7","3","6","3",0,503740.599999994,503743.2,503759.7
31,"6a0ccfac62d36e0c006f5a90",5,6,"moderngreen","moderngreen","5","5","5","5","3","5","7","5","5","4",0,641437.5,641449,641465.6
31,"6a0ccfac62d36e0c006f5a90",6,7,"primitivist","primitivist","5","6","5","5","6","6","7","6","6","6",0,725960.699999988,725969.19,725985.8
32,"672012673e8f6646800bf45c",0,1,"futurist","futurist","3","4","4","4","3","4","5","4","4","2",0,283502.300000012,283504.924,283504.924
32,"672012673e8f6646800bf45c",1,2,"religious","religious","1","2","4","4","2","2","4","3","2","1",1,365090,365093.054,365093.054
32,"672012673e8f6646800bf45c",2,3,"primitivist","primitivist","1","1","1","1","2","2","3","2","5","3",1,451085.5,451081.25,451097.8
32,"672012673e8f6646800bf45c",3,4,"lawBased","lawBased","5","5","3","3","5","6","2","5","4","5",0,527070.199999988,527068.854,527086.1
32,"672012673e8f6646800bf45c",4,5,"aicentered","aicentered","1","1","4","1","1","1","2","1","1","1",0,587979,587972.492,587988.9
32,"672012673e8f6646800bf45c",5,6,"moderngreen","moderngreen","1","1","4","4","3","2","4","4","4","2",0,662050.199999988,662043.306,662059.8
32,"672012673e8f6646800bf45c",6,7,"anarchic","anarchic","4","4","4","4","4","5","6","4","4","4",0,715317.400000036,715313,715329.6
33,"6a15dd57b7e983803cba4517",0,1,"moderngreen","moderngreen","4","6","6","6","1","6","1","1","4","1",3,460367.699999988,460414.228,460430.3
33,"6a15dd57b7e983803cba4517",1,2,"religious","religious","4","4","4","4","1","5","6","1","4","1",3,751288.799999982,751315.094,751315.094
33,"6a15dd57b7e983803cba4517",2,3,"aicentered","aicentered","4","5","5","6","5","6","5","5","6","5",3,870113.599999994,870125.39,870141.5
33,"6a15dd57b7e983803cba4517",3,4,"lawBased","lawBased","4","4","4","4","4","4","4","4","4","4",0,961485.899999976,961487.4,961503.3
33,"6a15dd57b7e983803cba4517",4,5,"futurist","futurist","6","6","6","6","5","6","6","6","6","4",4,1030795.29999998,1030816.658,1030816.658
33,"6a15dd57b7e983803cba4517",5,6,"primitivist","primitivist","4","4","4","4","4","4","4","4","4","4",0,1815346.79999998,1815382.39,1815398.6
33,"6a15dd57b7e983803cba4517",6,7,"anarchic","anarchic","4","4","4","4","4","4","4","4","4","4",0,1866660.19999999,1866679.632,1866695.8
34,"694c445f53e37c412593c79a",0,1,"aicentered","aicentered","2","1","1","2","1","3","1","3","5","1",4,229265,229317.074,229317.074
34,"694c445f53e37c412593c79a",1,2,"futurist","futurist","6","5","5","7","5","5","5","5","5","5",2,310286.100000001,310293.45,310293.45
34,"694c445f53e37c412593c79a",2,3,"religious","religious","3","6","5","6","3","5","3","3","3","3",9,397007.800000001,397020.69,397020.8
34,"694c445f53e37c412593c79a",3,4,"moderngreen","moderngreen","6","6","6","7","6","7","6","7","7","5",4,486477.899999999,486481.334,486481.7
34,"694c445f53e37c412593c79a",4,5,"primitivist","primitivist","3","2","2","3","5","6","3","3","5","3",3,562895.800000001,562907.35,562907.35
34,"694c445f53e37c412593c79a",5,6,"lawBased","lawBased","3","2","2","3","3","5","2","2","3","2",2,643988.199999999,644000.426,644001.9
34,"694c445f53e37c412593c79a",6,7,"anarchic","anarchic","7","6","7","7","7","7","7","7","7","7",1,696952.199999999,696957.4,696974.5
35,"6a16449f33b17471b0d63c2e",0,1,"primitivist","primitivist","6","1","1","7","4","6","6","4","2","4",1,202899,202895.8,202910.94
35,"6a16449f33b17471b0d63c2e",1,2,"religious","religious","5","2","3","6","1","1","1","1","1","1",1,320338,320348.94,320365.62
35,"6a16449f33b17471b0d63c2e",2,3,"moderngreen","moderngreen","5","1","5","7","6","6","6","6","6","6",1,380070,380065.48,380067.62
35,"6a16449f33b17471b0d63c2e",3,4,"anarchic","anarchic","5","2","5","7","7","7","7","7","6","6",0,430488,430484.28,430500.94
35,"6a16449f33b17471b0d63c2e",4,5,"lawBased","lawBased","5","2","4","7","2","2","2","2","3","2",0,494063,494055.94,494072.62
35,"6a16449f33b17471b0d63c2e",5,6,"futurist","futurist","5","2","5","7","5","5","5","5","6","4",0,533123,533118.42,533122.62
35,"6a16449f33b17471b0d63c2e",6,7,"aicentered","aicentered","6","3","5","7","1","1","1","1","1","1",0,618863,618863.8,618880.46
36,"6a18797c20c1b443234da878",0,1,"futurist","futurist","4","4","4","4","4","4","4","4","4","4",0,246986.400000006,247014.558,247014.558
36,"6a18797c20c1b443234da878",1,2,"moderngreen","moderngreen","4","4","4","4","4","4","4","4","4","4",0,311335.100000009,311337.264,311337.264
36,"6a18797c20c1b443234da878",2,3,"aicentered","aicentered","4","4","4","4","4","4","4","4","4","4",0,340239.900000006,340243.332,340243.332
36,"6a18797c20c1b443234da878",3,4,"religious","religious","4","4","4","4","4","4","4","4","4","4",0,576031.900000006,576038.682,576054.5
36,"6a18797c20c1b443234da878",4,5,"primitivist","primitivist","4","4","4","4","4","4","4","4","4","4",0,616075.799999997,616084.028,616100.4
36,"6a18797c20c1b443234da878",5,6,"anarchic","anarchic","4","4","4","4","4","4","4","4","4","4",0,644684.200000003,644690.524,644690.524
36,"6a18797c20c1b443234da878",6,7,"lawBased","lawBased","4","4","4","4","4","4","4","4","4","4",0,682710.100000009,682721.3,682737.5
37,"6a01d4afbdb253690cf6bbfc",0,1,"religious","religious","2","3","3","2","1","1","1","2","2","1",1,200734.899999976,200728.804,200740.9
37,"6a01d4afbdb253690cf6bbfc",1,2,"futurist","futurist","5","5","3","3","6","6","5","6","5","6",3,807071.5,807069,807075.1
37,"6a01d4afbdb253690cf6bbfc",2,3,"moderngreen","moderngreen","4","4","3","3","6","7","5","6","6","6",1,873743.5,873742.4,873748.5
37,"6a01d4afbdb253690cf6bbfc",3,4,"primitivist","primitivist","4","5","4","4","5","7","5","6","6","5",1,938394.899999976,938397.8,938403.8
37,"6a01d4afbdb253690cf6bbfc",4,5,"anarchic","anarchic","2","2","2","2","3","3","4","5","6","5",1,977033,977034.5,977040.6
37,"6a01d4afbdb253690cf6bbfc",5,6,"lawBased","lawBased","3","3","4","4","5","5","5","6","4","5",1,1046880.89999998,1046883.8,1046895.9
37,"6a01d4afbdb253690cf6bbfc",6,7,"aicentered","aicentered","2","2","2","2","2","3","1","2","2","2",0,1114987.69999999,1114987.5,1114993.6
38,"6a19d18f546496cf8a436e69",0,1,"aicentered","aicentered","7","7","7","7","4","3","4","3","7","2",1,147740.100000024,147749,147765.7
38,"6a19d18f546496cf8a436e69",1,2,"religious","religious","6","5","6","5","2","2","2","2","2","2",1,201023.100000024,201031.53,201048.1
38,"6a19d18f546496cf8a436e69",2,3,"anarchic","anarchic","6","6","6","6","3","2","2","2","2","2",1,236444.200000048,236447.566,236464.1
38,"6a19d18f546496cf8a436e69",3,4,"primitivist","primitivist","6","6","6","6","1","2","2","2","2","2",3,272583.399999976,272597.028,272613.5
38,"6a19d18f546496cf8a436e69",4,5,"lawBased","lawBased","4","4","4","4","4","4","4","4","4","4",0,308483.5,308496.266,308512.8
38,"6a19d18f546496cf8a436e69",5,6,"moderngreen","moderngreen","4","4","4","4","5","5","5","5","5","5",0,338653.899999976,338662.3,338679
38,"6a19d18f546496cf8a436e69",6,7,"futurist","futurist","5","5","5","5","5","5","4","4","5","5",0,370992.299999952,370995.264,371011.7
39,"6a10c10b76e10d5e318448c3",0,1,"aicentered","aicentered","5","5","1","1","1","1","1","1","5","1",2,170812.100000024,170816.796,170816.796
39,"6a10c10b76e10d5e318448c3",1,2,"anarchic","anarchic","4","5","3","5","5","4","4","5","4","4",0,254022,254017.632,254034.3
39,"6a10c10b76e10d5e318448c3",2,3,"moderngreen","moderngreen","5","5","4","4","5","4","5","5","5","5",0,294924.700000048,294918.028,294918.028
39,"6a10c10b76e10d5e318448c3",3,4,"religious","religious","5","4","5","4","5","5","5","5","5","5",1,380351.100000024,380352.1,380368.8
39,"6a10c10b76e10d5e318448c3",4,5,"futurist","futurist","3","5","4","4","1","1","1","1","1","1",0,584466.800000072,584470.632,584487.2
39,"6a10c10b76e10d5e318448c3",5,6,"primitivist","primitivist","3","4","5","4","4","4","3","3","5","4",1,613531.600000024,613537.564,613553.9
39,"6a10c10b76e10d5e318448c3",6,7,"lawBased","lawBased","5","4","3","4","4","5","5","4","5","4",0,647148.100000024,647154.566,647171.2
40,"69befc993638fae95321d387",0,1,"primitivist","primitivist","5","5","5","5","4","5","4","3","4","5",1,184850.399999976,184904.624,184904.624
40,"69befc993638fae95321d387",1,2,"aicentered","aicentered","1","1","2","1","2","2","2","2","6","2",0,261742.600000024,261762.662,261770.9
40,"69befc993638fae95321d387",2,3,"lawBased","lawBased","5","5","6","6","5","6","3","5","4","4",3,310291.899999976,310304.632,310304.632
40,"69befc993638fae95321d387",3,4,"futurist","futurist","4","5","5","5","4","5","5","5","6","5",1,385284.700000048,385287.366,385295.3
40,"69befc993638fae95321d387",4,5,"moderngreen","moderngreen","6","6","6","7","6","6","6","6","6","6",1,456391.700000048,456403.692,456411.7
40,"69befc993638fae95321d387",5,6,"anarchic","anarchic","6","2","6","5","6","6","7","7","5","7",0,520334.799999952,520345.198,520353.4
40,"69befc993638fae95321d387",6,7,"religious","religious","6","6","6","6","2","5","2","2","2","1",0,605139.5,605152.988,605160.9
41,"6a137e9af9c0ce1fe98b75a3",0,1,"futurist","futurist","3","2","2","2","1","5","1","2","6","2",4,411546.899999976,411567.958,411583.6
41,"6a137e9af9c0ce1fe98b75a3",1,2,"religious","religious","1","1","1","1","1","1","1","1","1","1",0,573086.699999988,573087.434,573087.434
41,"6a137e9af9c0ce1fe98b75a3",2,3,"anarchic","anarchic","5","6","7","7","5","7","7","7","2","6",3,667510.099999964,667522.884,667522.884
41,"6a137e9af9c0ce1fe98b75a3",3,4,"aicentered","aicentered","1","1","1","1","1","1","1","1","2","1",1,784995.199999988,785008.564,785008.564
41,"6a137e9af9c0ce1fe98b75a3",4,5,"moderngreen","moderngreen","5","4","5","5","5","7","5","5","7","6",2,873244.5,873260.596,873260.596
41,"6a137e9af9c0ce1fe98b75a3",5,6,"lawBased","lawBased","1","1","1","1","1","2","1","1","1","1",1,981969.799999952,981979.53,981979.53
41,"6a137e9af9c0ce1fe98b75a3",6,7,"primitivist","primitivist","5","4","6","6","1","5","1","2","2","3",1,1107636.09999996,1107648.69,1107648.69
42,"6a17ac069acb48f9c7c4391f",0,1,"primitivist","primitivist","7","7","6","7","6","7","6","6","5","6",0,249530.5,249532.366,249549
42,"6a17ac069acb48f9c7c4391f",1,2,"anarchic","anarchic","7","7","5","7","5","6","7","5","6","5",1,343935.799999952,343934.528,343951.1
42,"6a17ac069acb48f9c7c4391f",2,3,"aicentered","aicentered","5","5","5","4","1","1","1","1","4","1",4,437020.599999905,437019.956,437036.6
42,"6a17ac069acb48f9c7c4391f",3,4,"lawBased","lawBased","6","6","6","5","3","5","3","4","5","4",1,545825.099999905,545822.466,545839.1
42,"6a17ac069acb48f9c7c4391f",4,5,"religious","religious","6","6","6","6","4","3","3","3","4","3",4,635079.900000095,635091.196,635107.8
42,"6a17ac069acb48f9c7c4391f",5,6,"futurist","futurist","5","5","6","6","3","3","3","3","5","4",4,685215.200000048,685225.66,685242.3
42,"6a17ac069acb48f9c7c4391f",6,7,"moderngreen","moderngreen","7","7","7","7","7","7","7","7","7","7",0,767729,767727.562,767744.2
43,"69a89c0955605fb10a4fff5e",0,1,"anarchic","anarchic","6","5","6","6","2","2","5","4","5","4",2,589937.2,589950.224,589950.224
43,"69a89c0955605fb10a4fff5e",1,2,"aicentered","aicentered","6","5","6","5","2","3","1","4","3","1",0,1328973.1,1328974.824,1328974.824
43,"69a89c0955605fb10a4fff5e",2,3,"primitivist","primitivist","6","6","6","6","2","3","3","5","4","2",0,1419881.7,1419887.59,1419887.59
43,"69a89c0955605fb10a4fff5e",3,4,"religious","religious","6","6","6","6","2","5","6","6","6","6",0,1563661.6,1563653.3,1563669.5
43,"69a89c0955605fb10a4fff5e",4,5,"moderngreen","moderngreen","5","4","6","4","6","5","2","6","5","5",0,1876899.5,1876901.918,1876901.918
43,"69a89c0955605fb10a4fff5e",5,6,"lawBased","lawBased","5","5","5","6","5","4","4","4","4","3",1,2158734.5,2158729.3,2158745.6
43,"69a89c0955605fb10a4fff5e",6,7,"futurist","futurist","5","5","5","4","6","4","6","5","5","4",0,2239425.7,2239418.058,2239434.5
44,"5e7acbd0373d5e0c087a112c",0,1,"aicentered","aicentered","4","2","2","3","1","1","1","1","6","1",1,191061,191080.676,191080.676
44,"5e7acbd0373d5e0c087a112c",1,2,"primitivist","primitivist","6","7","7","7","5","6","3","4","3","4",1,244348.5,244364.438,244364.438
44,"5e7acbd0373d5e0c087a112c",2,3,"anarchic","anarchic","6","6","6","5","5","6","2","6","6","5",2,319421.900000095,319415.386,319431.8
44,"5e7acbd0373d5e0c087a112c",3,4,"lawBased","lawBased","6","7","7","7","6","5","3","5","4","5",2,428886.800000191,428883.288,428883.288
44,"5e7acbd0373d5e0c087a112c",4,5,"moderngreen","moderngreen","6","7","7","7","7","7","6","7","7","7",0,467201.099999905,467200.366,467233.6
44,"5e7acbd0373d5e0c087a112c",5,6,"religious","religious","2","2","2","3","1","2","1","1","1","1",0,523907.900000095,523917.5,523934.3
44,"5e7acbd0373d5e0c087a112c",6,7,"futurist","futurist","6","5","5","5","6","6","3","6","7","5",0,558441.200000286,558434.67,558451
47,"6a164c0b59f7d6fd8cf72646",0,1,"lawBased","lawBased","5","5","5","5","4","5","4","4","3","4",2,211609.600000024,211613.536,211614.2
47,"6a164c0b59f7d6fd8cf72646",1,2,"futurist","futurist","3","3","3","5","3","3","4","3","5","3",2,304961,304962.962,304962.962
47,"6a164c0b59f7d6fd8cf72646",2,3,"primitivist","primitivist","6","6","6","6","5","4","6","7","5","4",1,355443.399999976,355437.796,355454.3
47,"6a164c0b59f7d6fd8cf72646",3,4,"moderngreen","moderngreen","5","5","5","6","6","6","7","6","5","5",1,406839.700000048,406846.1,406862.5
47,"6a164c0b59f7d6fd8cf72646",4,5,"religious","religious","4","4","6","6","2","2","4","2","2","4",2,464126.700000048,464121.432,464121.432
47,"6a164c0b59f7d6fd8cf72646",5,6,"anarchic","anarchic","6","6","6","6","5","4","7","5","6","4",2,524212.5,524215.164,524231.1
47,"6a164c0b59f7d6fd8cf72646",6,7,"aicentered","aicentered","1","1","1","1","1","1","1","1","6","1",0,572658.800000072,572656.09,572656.09
48,"6a0b012ac9f16bd108225765",0,1,"religious","religious","3","1","3","2","1","1","1","1","1","1",1,194062.400000036,194058.654,194158
48,"6a0b012ac9f16bd108225765",1,2,"aicentered","aicentered","4","4","4","5","1","2","1","1","5","1",2,243994.800000012,244017.358,244017.358
48,"6a0b012ac9f16bd108225765",2,3,"moderngreen","moderngreen","6","6","6","6","3","6","3","6","6","6",0,297290.199999988,297308.464,297308.464
48,"6a0b012ac9f16bd108225765",3,4,"futurist","futurist","4","4","4","4","2","2","2","2","6","2",2,339053.199999988,339068.516,339068.516
48,"6a0b012ac9f16bd108225765",4,5,"lawBased","lawBased","2","2","2","2","1","1","1","1","1","1",0,386718.300000012,386727.192,386727.192
48,"6a0b012ac9f16bd108225765",5,6,"primitivist","primitivist","6","6","6","6","2","5","2","4","4","4",0,415937.400000036,415956.064,415956.064
48,"6a0b012ac9f16bd108225765",6,7,"anarchic","anarchic","6","6","6","6","5","5","4","6","5","6",0,448026.5,448034.326,448050.5
49,"60a69e84d2f871b61d608e89",0,1,"religious","religious","7","7","7","7","1","1","1","1","1","1",0,418055.799999982,418062.464,418062.464
49,"60a69e84d2f871b61d608e89",1,2,"aicentered","aicentered","7","7","7","7","1","4","1","1","4","4",2,573149.5,573157.53,573174
49,"60a69e84d2f871b61d608e89",2,3,"lawBased","lawBased","7","7","7","7","4","7","1","7","4","7",6,688044.099999994,688054.154,688054.154
49,"60a69e84d2f871b61d608e89",3,4,"futurist","futurist","7","7","7","7","7","7","4","7","5","7",4,885956.399999976,885964.848,885964.848
49,"60a69e84d2f871b61d608e89",4,5,"primitivist","primitivist","7","7","7","7","5","5","5","5","5","5",3,1005543.5,1005561.248,1005561.4
49,"60a69e84d2f871b61d608e89",5,6,"anarchic","anarchic","7","1","4","7","4","1","7","7","5","3",3,1166219.89999998,1166223.096,1166223.096
49,"60a69e84d2f871b61d608e89",6,7,"moderngreen","moderngreen","7","7","7","7","7","7","7","7","7","7",0,1387617.29999998,1387616.484,1387616.484
50,"6a160ffb53f179346c6ed7ed",0,1,"futurist","futurist","7","7","5","7","4","7","4","5","7","6",0,306808,306805.92,306811.92
50,"6a160ffb53f179346c6ed7ed",1,2,"moderngreen","moderngreen","7","7","7","7","6","7","6","7","2","7",2,445290,445287.6,445295.68
50,"6a160ffb53f179346c6ed7ed",2,3,"lawBased","lawBased","7","7","5","5","1","1","2","2","1","2",2,558888,558885.72,558896.04
50,"6a160ffb53f179346c6ed7ed",3,4,"aicentered","aicentered","6","5","5","7","1","4","1","1","2","2",0,638046,638046.32,638062.98
50,"6a160ffb53f179346c6ed7ed",4,5,"primitivist","primitivist","7","7","7","7","6","4","7","6","2","5",0,711314,711313.2,711329.88
50,"6a160ffb53f179346c6ed7ed",5,6,"anarchic","anarchic","7","7","7","7","7","6","5","6","3","6",2,792887,792884.54,792896.82
50,"6a160ffb53f179346c6ed7ed",6,7,"religious","religious","7","5","7","7","1","1","1","1","1","1",0,868462,868463.74,868480.42
51,"6a026b14fa26d03597f2dced",0,1,"religious","religious","6","6","6","6","6","5","6","6","5","6",0,364197.5,364209.946,364226.4
51,"6a026b14fa26d03597f2dced",1,2,"lawBased","lawBased","5","6","6","5","5","5","4","4","4","4",1,452174.600000024,452176.524,452176.524
51,"6a026b14fa26d03597f2dced",2,3,"anarchic","anarchic","4","4","5","4","6","4","6","6","6","5",0,524015.899999976,524020.614,524020.614
51,"6a026b14fa26d03597f2dced",3,4,"moderngreen","moderngreen","6","7","7","6","7","6","7","6","7","7",0,639003,639014.456,639014.456
51,"6a026b14fa26d03597f2dced",4,5,"aicentered","aicentered","1","2","1","2","2","2","2","2","2","2",0,718369.800000072,718377.79,718377.79
51,"6a026b14fa26d03597f2dced",5,6,"futurist","futurist","2","3","3","2","3","4","3","3","4","3",0,810841,810846.158,810846.158
51,"6a026b14fa26d03597f2dced",6,7,"primitivist","primitivist","5","5","5","5","5","4","5","4","5","5",0,917535.800000072,917536.588,917536.588
52,"69c22b2562a236eed8f9c1e1",0,1,"aicentered","aicentered","5","5","3","3","3","4","7","4","6","3",0,137832.099999994,137833.1,137849
52,"69c22b2562a236eed8f9c1e1",1,2,"futurist","futurist","5","5","5","4","3","4","7","4","5","3",0,189224,189231.6,189248.6
52,"69c22b2562a236eed8f9c1e1",2,3,"moderngreen","moderngreen","5","5","3","3","1","1","7","1","2","1",1,238335.599999994,238348.4,238364.2
52,"69c22b2562a236eed8f9c1e1",3,4,"primitivist","primitivist","5","5","6","3","1","1","7","1","2","1",0,276315.200000018,276314.232,276330.8
52,"69c22b2562a236eed8f9c1e1",4,5,"religious","religious","6","6","5","5","5","6","2","5","5","6",0,313139.900000006,313129.9,313146.6
52,"69c22b2562a236eed8f9c1e1",5,6,"anarchic","anarchic","5","4","5","5","2","2","6","2","2","1",0,352574.900000006,352580.198,352580.2
52,"69c22b2562a236eed8f9c1e1",6,7,"lawBased","lawBased","2","2","5","7","3","3","5","3","5","2",1,386039.900000006,386045.5,386062.3
54,"69f67debc343491ee99f43ef",0,1,"religious","religious","2","2","3","3","1","1","1","1","1","1",1,231504.100000024,231510.532,231527.1
54,"69f67debc343491ee99f43ef",1,2,"aicentered","aicentered","2","2","2","2","1","1","1","1","1","1",0,312942.100000024,312943.988,312943.988
54,"69f67debc343491ee99f43ef",2,3,"anarchic","anarchic","5","5","5","5","5","5","5","5","5","5",0,368255.900000006,368260.7,368277.3
54,"69f67debc343491ee99f43ef",3,4,"primitivist","primitivist","5","5","5","5","5","5","5","5","5","5",2,434622.5,434627.366,434644
54,"69f67debc343491ee99f43ef",4,5,"futurist","futurist","5","5","5","5","6","6","5","6","6","6",0,492272.300000012,492277.4,492294.1
54,"69f67debc343491ee99f43ef",5,6,"moderngreen","moderngreen","5","5","5","5","7","7","5","7","7","7",0,547675.100000024,547677.528,547677.528
54,"69f67debc343491ee99f43ef",6,7,"lawBased","lawBased","3","3","3","3","1","1","1","1","1","1",0,606372.800000012,606377.532,606394.2
56,"661c92bc6f7ab864a9a96633",0,1,"primitivist","primitivist","5","7","5","5","3","7","2","5","6","6",0,190545,190572,190702
56,"661c92bc6f7ab864a9a96633",1,2,"anarchic","anarchic","2","1","1","2","1","3","3","1","4","2",0,259128,259150,259161
56,"661c92bc6f7ab864a9a96633",2,3,"religious","religious","6","6","6","7","7","7","7","7","4","6",0,318324,318347,318358
56,"661c92bc6f7ab864a9a96633",3,4,"aicentered","aicentered","1","2","2","2","1","1","1","1","4","1",0,359156,359179,359189
56,"661c92bc6f7ab864a9a96633",4,5,"futurist","futurist","3","4","3","2","4","3","3","5","5","4",1,392891,392913,392923
56,"661c92bc6f7ab864a9a96633",5,6,"moderngreen","moderngreen","6","5","6","5","6","7","5","6","7","7",0,434217,434238,434248
56,"661c92bc6f7ab864a9a96633",6,7,"lawBased","lawBased","4","4","3","3","2","7","2","5","6","6",0,466667,466688,466698
57,"6a1b5df604fc63edaa0d2907",0,1,"anarchic","anarchic","6","6","6","6","6","6","6","6","6","6",0,171519,171534,171570
57,"6a1b5df604fc63edaa0d2907",1,2,"moderngreen","moderngreen","6","6","6","6","6","6","6","6","6","6",0,226434,226451,226468
57,"6a1b5df604fc63edaa0d2907",2,3,"lawBased","lawBased","6","6","6","6","6","6","4","5","5","6",1,255345,255353,255367
57,"6a1b5df604fc63edaa0d2907",3,4,"primitivist","primitivist","7","7","7","7","7","7","7","7","7","7",0,297534,297542,297553
57,"6a1b5df604fc63edaa0d2907",4,5,"aicentered","aicentered","6","6","6","6","3","3","3","2","5","2",5,332307,332315,332318
57,"6a1b5df604fc63edaa0d2907",5,6,"religious","religious","6","6","6","6","1","1","1","1","1","1",0,378598,378605,378616
57,"6a1b5df604fc63edaa0d2907",6,7,"futurist","futurist","7","7","7","7","5","5","5","5","5","5",0,412032,412039,412049
58,"6a1b5250d5e9bc023be2bfdb",0,1,"primitivist","primitivist","1","5","5","5","2","5","7","1","1","1",0,175278.700000048,175282.7,175288.7
58,"6a1b5250d5e9bc023be2bfdb",1,2,"aicentered","aicentered","1","1","1","1","1","1","7","1","6","1",0,297191.799999952,297192.764,297192.8
58,"6a1b5250d5e9bc023be2bfdb",2,3,"futurist","futurist","7","7","7","7","7","7","1","7","7","7",0,350019.799999952,350021.3,350027.4
58,"6a1b5250d5e9bc023be2bfdb",3,4,"anarchic","anarchic","3","5","5","5","2","2","6","2","2","2",0,387027.200000048,387021.3,387034.4
58,"6a1b5250d5e9bc023be2bfdb",4,5,"lawBased","lawBased","5","5","5","5","4","5","2","5","3","5",1,419077.900000095,419078.6,419084.6
58,"6a1b5250d5e9bc023be2bfdb",5,6,"religious","religious","1","4","4","4","1","1","2","1","1","1",2,455100.700000048,455102.1,455108.3
58,"6a1b5250d5e9bc023be2bfdb",6,7,"moderngreen","moderngreen","6","6","6","6","5","6","3","5","6","3",1,484947.700000048,484945.9,484952.1
59,"699ea1c2d6cea42a4be1baad",0,1,"moderngreen","moderngreen","5","4","4","3","4","5","4","5","4","5",0,173563.099999994,173563.5,173570.6
59,"699ea1c2d6cea42a4be1baad",1,2,"anarchic","anarchic","5","5","5","5","5","3","3","5","2","2",4,277058.5,277059.43,277061.9
59,"699ea1c2d6cea42a4be1baad",2,3,"lawBased","lawBased","4","3","2","5","2","5","2","5","5","2",2,352449.299999997,352450.83,352453.2
59,"699ea1c2d6cea42a4be1baad",3,4,"futurist","futurist","5","4","4","5","2","2","5","5","2","2",0,396198,396200.2,396203.8
59,"699ea1c2d6cea42a4be1baad",4,5,"religious","religious","5","5","5","5","2","2","2","5","2","4",1,457801.5,457799,457802.6
59,"699ea1c2d6cea42a4be1baad",5,6,"aicentered","aicentered","2","4","4","3","5","2","7","4","7","6",8,497455.899999991,497458.3,497461.7
59,"699ea1c2d6cea42a4be1baad",6,7,"primitivist","primitivist","6","4","4","7","4","5","3","5","5","5",1,559917.5,559918.1,559921.7
60,"6a026e182e8f80652216c041",0,1,"lawBased","lawBased","2","2","2","2","2","5","2","2","2","2",0,180995.399999976,181001.206,181001.206
60,"6a026e182e8f80652216c041",1,2,"moderngreen","moderngreen","5","5","5","5","5","6","3","5","6","5",0,238685.600000024,238686.03,238702.6
60,"6a026e182e8f80652216c041",2,3,"aicentered","aicentered","3","3","3","3","3","5","3","2","5","2",0,289233.399999976,289237.266,289254
60,"6a026e182e8f80652216c041",3,4,"primitivist","primitivist","3","3","5","5","3","5","5","3","5","3",1,324219.100000024,324221.498,324238.1
60,"6a026e182e8f80652216c041",4,5,"futurist","futurist","5","5","6","6","6","7","6","6","7","6",1,371133.600000024,371139.362,371139.4
60,"6a026e182e8f80652216c041",5,6,"anarchic","anarchic","5","5","5","5","7","7","7","7","5","7",0,403802.5,403806.896,403823.5
60,"6a026e182e8f80652216c041",6,7,"religious","religious","1","1","2","2","1","2","2","1","2","1",0,438270.899999976,438274.466,438291
61,"6a179eaedcc989a730c238ab",0,1,"moderngreen","moderngreen","7","7","7","7","6","7","6","5","6","4",0,233353.099999994,233378.42,233378.42
61,"6a179eaedcc989a730c238ab",1,2,"futurist","futurist","3","3","3","3","3","3","4","3","5","2",2,326478.299999982,326480.284,326480.284
61,"6a179eaedcc989a730c238ab",2,3,"religious","religious","7","7","7","7","7","7","7","7","7","7",0,399463.199999988,399472.328,399472.328
61,"6a179eaedcc989a730c238ab",3,4,"lawBased","lawBased","2","2","2","2","4","3","3","2","5","1",0,432826.399999976,432828.126,432828.126
61,"6a179eaedcc989a730c238ab",4,5,"anarchic","anarchic","6","6","6","6","4","4","3","3","4","2",0,478968.699999988,478978.632,478979.3
61,"6a179eaedcc989a730c238ab",5,6,"aicentered","aicentered","1","1","1","1","1","1","1","1","1","1",0,518371.599999994,518381.864,518382
61,"6a179eaedcc989a730c238ab",6,7,"primitivist","primitivist","6","6","6","6","2","3","1","1","2","1",1,551181,551188.228,551204.2
62,"69e39e2d7c072270cb7e0b21",0,1,"aicentered","aicentered","1","1","1","1","1","1","5","1","4","1",1,119085.900000006,119093.996,119094.1
62,"69e39e2d7c072270cb7e0b21",1,2,"religious","religious","1","1","1","1","1","1","1","1","1","1",0,170325.800000012,170333.864,170334
62,"69e39e2d7c072270cb7e0b21",2,3,"futurist","futurist","7","7","7","7","7","7","7","7","7","7",0,210261.5,210261.3,210278
62,"69e39e2d7c072270cb7e0b21",3,4,"primitivist","primitivist","5","5","5","5","4","4","1","4","1","4",0,241460.5,241462.5,241479.2
62,"69e39e2d7c072270cb7e0b21",4,5,"anarchic","anarchic","1","1","1","1","1","1","1","1","1","1",0,382356.599999994,382367.8,382384.6
62,"69e39e2d7c072270cb7e0b21",5,6,"lawBased","lawBased","4","4","4","4","4","4","1","4","4","4",0,415141.200000018,415137.3,415154.1
62,"69e39e2d7c072270cb7e0b21",6,7,"moderngreen","moderngreen","5","5","5","5","5","5","5","5","5","5",0,445122.400000006,445120.398,445120.4
63,"6a1ae758fe1ae407eb0c8dfa",0,1,"aicentered","aicentered","6","6","6","7","6","6","5","5","7","5",3,1156344.6,1156394.362,1156394.7
63,"6a1ae758fe1ae407eb0c8dfa",1,2,"lawBased","lawBased","6","5","6","7","6","7","6","6","5","6",3,1492416.5,1492469.746,1492469.746
63,"6a1ae758fe1ae407eb0c8dfa",2,3,"futurist","futurist","7","7","7","7","6","7","7","6","7","7",4,1713340.1,1713388.054,1713388.054
63,"6a1ae758fe1ae407eb0c8dfa",3,4,"moderngreen","moderngreen","7","7","7","7","6","6","6","6","6","5",2,1947258,1947262.966,1947279.1
63,"6a1ae758fe1ae407eb0c8dfa",4,5,"religious","religious","7","7","7","7","7","7","7","7","5","7",1,2105295,2105299.562,2105316.1
63,"6a1ae758fe1ae407eb0c8dfa",5,6,"anarchic","anarchic","7","7","7","7","6","7","6","7","6","6",4,2214992.1,2214992.864,2215009.3
63,"6a1ae758fe1ae407eb0c8dfa",6,7,"primitivist","primitivist","7","7","7","7","5","6","4","5","6","3",2,2350297.6,2350314.998,2350315
64,"6a06421377e1ca15fefe2378",0,1,"religious","religious","4","2","4","4","1","3","1","1","3","1",2,282714.800000001,282721.632,282721.632
64,"6a06421377e1ca15fefe2378",1,2,"moderngreen","moderngreen","6","6","6","6","4","5","4","5","6","4",0,417325.900000002,417327.658,417327.7
64,"6a06421377e1ca15fefe2378",2,3,"primitivist","primitivist","5","5","5","5","4","5","4","5","3","4",1,479512.900000002,479512.566,479529.2
64,"6a06421377e1ca15fefe2378",3,4,"futurist","futurist","6","6","6","6","7","7","6","7","7","7",0,560531.400000002,560536.3,560552.9
64,"6a06421377e1ca15fefe2378",4,5,"anarchic","anarchic","4","4","4","4","5","4","4","3","3","4",1,597863.5,597863.9,597880.6
64,"6a06421377e1ca15fefe2378",5,6,"lawBased","lawBased","2","2","4","4","3","2","1","2","1","3",1,651374.800000001,651379.566,651396.2
64,"6a06421377e1ca15fefe2378",6,7,"aicentered","aicentered","1","1","5","5","1","1","1","1","6","1",0,703641.600000001,703644.9,703661.3
65,"6641076785a23b3f7db3c5c1",0,1,"futurist","futurist","5","6","6","6","5","7","4","5","7","6",0,352495.5,352503.196,352519.8
65,"6641076785a23b3f7db3c5c1",1,2,"aicentered","aicentered","1","1","1","1","3","4","2","1","4","2",4,410145.900000095,410154.414,410170.8
65,"6641076785a23b3f7db3c5c1",2,3,"moderngreen","moderngreen","6","6","7","7","6","7","6","6","7","6",1,456262.400000095,456255.042,456271.7
65,"6641076785a23b3f7db3c5c1",3,4,"primitivist","primitivist","6","6","7","6","5","6","6","6","4","6",1,492680.5,492689.4,492705.9
65,"6641076785a23b3f7db3c5c1",4,5,"religious","religious","4","4","4","4","1","1","1","1","1","1",1,542795.699999809,542790.2,542806.9
65,"6641076785a23b3f7db3c5c1",5,6,"lawBased","lawBased","2","2","3","3","4","5","3","4","3","4",1,700170.5,700160.312,700193.4
65,"6641076785a23b3f7db3c5c1",6,7,"anarchic","anarchic","7","7","7","7","7","6","7","6","5","5",1,761968,761961.43,761978.1
67,"69b34be60a7d5e72daf5d5c0",0,1,"lawBased","lawBased","5","1","3","7","1","3","1","3","2","3",2,146660.199999928,146660.938,146677.6
67,"69b34be60a7d5e72daf5d5c0",1,2,"moderngreen","moderngreen","6","6","7","7","3","5","5","5","6","5",1,216977.299999952,216976.81,216976.81
67,"69b34be60a7d5e72daf5d5c0",2,3,"aicentered","aicentered","1","1","3","3","1","2","3","1","5","1",4,248045.199999928,248059.764,248076.4
67,"69b34be60a7d5e72daf5d5c0",3,4,"futurist","futurist","7","6","7","7","6","7","7","7","7","6",0,281842.199999928,281842.628,281842.628
67,"69b34be60a7d5e72daf5d5c0",4,5,"primitivist","primitivist","7","7","7","7","5","5","7","5","5","6",1,317491.399999976,317492.162,317508.8
67,"69b34be60a7d5e72daf5d5c0",5,6,"anarchic","anarchic","5","6","6","7","3","5","6","5","6","3",5,348494.899999976,348508.4,348525.1
67,"69b34be60a7d5e72daf5d5c0",6,7,"religious","religious","5","5","6","7","1","1","1","1","1","1",0,393049.199999928,393056.9,393074.4
68,"6a1b735224c511273377e91b",0,1,"religious","religious","6","5","7","2","2","1","1","3","1","1",0,353448.200000048,353463.998,353464.9
68,"6a1b735224c511273377e91b",1,2,"futurist","futurist","1","1","1","1","3","1","2","2","7","4",0,501902.200000048,501902.492,501902.492
68,"6a1b735224c511273377e91b",2,3,"primitivist","primitivist","7","7","6","7","6","7","3","6","2","6",0,584055.5,584054.832,584071.4
68,"6a1b735224c511273377e91b",3,4,"moderngreen","moderngreen","6","6","6","7","7","7","7","7","7","7",0,699959.700000048,699958.304,699958.304
68,"6a1b735224c511273377e91b",4,5,"anarchic","anarchic","2","5","4","7","7","7","7","7","4","7",0,763661.400000095,763660.358,763660.358
68,"6a1b735224c511273377e91b",5,6,"lawBased","lawBased","1","1","1","1","1","1","1","1","1","1",0,859462.5,859463.318,859463.318
68,"6a1b735224c511273377e91b",6,7,"aicentered","aicentered","1","1","1","1","2","1","3","5","7","1",0,905533.099999905,905531.43,905531.43
69,"6a1a8d3372b0ab20d9c4041b",0,1,"anarchic","anarchic","4","4","5","5","3","4","4","3","5","2",0,432477.900000095,432510.42,432510.42
69,"6a1a8d3372b0ab20d9c4041b",1,2,"aicentered","aicentered","5","5","4","5","4","5","4","3","3","5",0,547693.400000095,547698.834,547706.7
69,"6a1a8d3372b0ab20d9c4041b",2,3,"primitivist","primitivist","5","4","3","5","3","3","4","4","5","5",0,726276.600000143,726275.63,726291.9
69,"6a1a8d3372b0ab20d9c4041b",3,4,"lawBased","lawBased","5","5","4","5","4","6","3","6","5","5",0,802193.200000048,802191.55,802207.2
69,"6a1a8d3372b0ab20d9c4041b",4,5,"futurist","futurist","4","4","4","5","5","3","4","4","6","6",0,947821.5,947824.696,947840.8
69,"6a1a8d3372b0ab20d9c4041b",5,6,"moderngreen","moderngreen","5","4","4","4","4","4","5","5","5","5",0,1045787.70000005,1045796.1,1045812.7
69,"6a1a8d3372b0ab20d9c4041b",6,7,"religious","religious","5","5","4","6","4","4","5","5","4","5",0,1094690.79999995,1094690.966,1094707.4
70,"6a15b0b4db936d8329be8892",0,1,"aicentered","aicentered","6","6","6","6","2","6","4","4","5","3",2,453034.099999994,453034.84,453134.742
70,"6a15b0b4db936d8329be8892",1,2,"futurist","futurist","6","6","6","6","3","5","4","4","6","6",1,669394.299999997,669353.794,669453.694
70,"6a15b0b4db936d8329be8892",2,3,"religious","religious","6","6","6","6","6","6","6","6","6","6",0,778870,778828.644,778928.544
70,"6a15b0b4db936d8329be8892",3,4,"moderngreen","moderngreen","6","6","6","6","6","6","6","6","6","6",0,946489.099999994,946462.535,946529.135
70,"6a15b0b4db936d8329be8892",4,5,"primitivist","primitivist","2","2","2","2","2","2","2","2","2","2",0,1025224.3,1025201.177,1025267.772
70,"6a15b0b4db936d8329be8892",5,6,"anarchic","anarchic","4","4","4","4","4","4","4","4","4","4",0,1113128.5,1113114.072,1113180.672
70,"6a15b0b4db936d8329be8892",6,7,"lawBased","lawBased","6","6","6","6","6","6","6","6","6","6",0,1172831.9,1172804.916,1172871.516
72,"6a1b60641b46d923e3ce32a0",0,1,"lawBased","lawBased","3","5","3","5","3","5","5","5","5","3",2,335905.199999809,335910.462,335910.462
72,"6a1b60641b46d923e3ce32a0",1,2,"moderngreen","moderngreen","5","5","5","5","3","3","5","3","5","5",0,541870.100000381,541871.494,541871.494
72,"6a1b60641b46d923e3ce32a0",2,3,"primitivist","primitivist","3","3","5","3","2","4","1","1","5","5",0,618479.800000191,618475.726,618492.1
72,"6a1b60641b46d923e3ce32a0",3,4,"aicentered","aicentered","1","1","5","1","1","1","7","1","6","1",2,702013.900000572,702013.864,702013.864
72,"6a1b60641b46d923e3ce32a0",4,5,"anarchic","anarchic","6","6","6","6","5","3","7","6","5","5",0,757790.199999809,757783.324,757799.7
72,"6a1b60641b46d923e3ce32a0",5,6,"futurist","futurist","6","6","6","6","6","6","3","6","6","6",0,853782.800000191,853788.332,853804.8
72,"6a1b60641b46d923e3ce32a0",6,7,"religious","religious","2","2","2","2","2","2","7","2","2","2",0,887342.5,887340.264,887356.5
75,"66e9b926c782e4f47a05ec7c",0,1,"moderngreen","moderngreen","7","6","6","6","6","6","4","6","6","6",2,106791.100000024,106796.436,106797.5
75,"66e9b926c782e4f47a05ec7c",1,2,"anarchic","anarchic","4","4","5","4","4","4","4","3","3","4",1,209340.900000036,209346.81,209346.81
75,"66e9b926c782e4f47a05ec7c",2,3,"religious","religious","4","4","4","4","3","4","4","4","4","3",1,287531.800000012,287530.262,287546.8
75,"66e9b926c782e4f47a05ec7c",3,4,"lawBased","lawBased","5","5","5","5","5","4","5","4","4","5",1,365049.900000036,365063.576,365063.576
75,"66e9b926c782e4f47a05ec7c",4,5,"futurist","futurist","5","5","5","5","5","5","4","4","5","5",0,438115.400000036,438113.958,438113.958
75,"66e9b926c782e4f47a05ec7c",5,6,"primitivist","primitivist","5","5","5","5","4","4","5","4","5","5",7,505062.200000048,505063.652,505063.652
75,"66e9b926c782e4f47a05ec7c",6,7,"aicentered","aicentered","2","3","5","3","3","3","4","3","4","2",5,553696.900000036,553697.258,553697.258
76,"6a1b4f4ff5fe8966fa80eadc",0,1,"futurist","futurist","7","6","6","6","7","7","5","7","7","7",5,161970.599999905,161990.574,161990.6
76,"6a1b4f4ff5fe8966fa80eadc",1,2,"lawBased","lawBased","5","5","2","2","1","1","3","1","1","1",3,274016.099999905,274025.2,274041.7
76,"6a1b4f4ff5fe8966fa80eadc",2,3,"aicentered","aicentered","1","1","1","1","1","2","4","2","5","1",1,340383.399999857,340392.5,340409
76,"6a1b4f4ff5fe8966fa80eadc",3,4,"anarchic","anarchic","5","5","5","5","4","5","6","5","4","5",0,407497.5,407493.126,407509.7
76,"6a1b4f4ff5fe8966fa80eadc",4,5,"moderngreen","moderngreen","5","5","5","5","4","7","7","6","5","5",1,488663.399999857,488660.464,488660.5
76,"6a1b4f4ff5fe8966fa80eadc",5,6,"primitivist","primitivist","5","4","4","3","4","3","7","5","3","4",1,585193.599999905,585194.9,585211.4
76,"6a1b4f4ff5fe8966fa80eadc",6,7,"religious","religious","5","5","5","5","1","1","4","1","1","1",0,638672.799999952,638695.562,638695.562
78,"69cb8bf56b4681853352046a",0,1,"futurist","futurist","7","6","7","2","5","6","3","5","7","5",0,222755.8,222764.562,222764.562
78,"69cb8bf56b4681853352046a",1,2,"religious","religious","2","1","1","2","1","2","2","1","2","1",2,307858.5,307857.6,307864.5
78,"69cb8bf56b4681853352046a",2,3,"anarchic","anarchic","3","2","2","2","2","2","3","2","2","3",1,345156,345161,345167.9
78,"69cb8bf56b4681853352046a",3,4,"primitivist","primitivist","6","5","5","5","5","5","6","2","5","6",1,394152.9,394151.3,394158.3
78,"69cb8bf56b4681853352046a",4,5,"lawBased","lawBased","6","5","7","6","6","6","4","6","6","7",2,442627.5,442627.8,442634.7
78,"69cb8bf56b4681853352046a",5,6,"moderngreen","moderngreen","6","5","5","6","6","5","6","5","5","4",0,710402.4,710404.5,710411.4
78,"69cb8bf56b4681853352046a",6,7,"aicentered","aicentered","3","2","2","2","2","3","6","1","3","2",1,936169.7,936169.8,936176.7
79,"6715b46f9f59f9e05837029a",0,1,"futurist","futurist","5","5","5","5","3","5","2","5","5","5",0,1602247.39999998,1602247.086,1602263.7
79,"6715b46f9f59f9e05837029a",1,2,"religious","religious","4","3","3","4","3","3","4","4","3","3",0,1737268.69999993,1737279.998,1737296.6
79,"6715b46f9f59f9e05837029a",2,3,"aicentered","aicentered","2","2","3","3","2","2","2","2","2","2",0,1777763.69999993,1777763.164,1777796.6
79,"6715b46f9f59f9e05837029a",3,4,"lawBased","lawBased","5","5","5","5","6","6","6","6","6","6",0,2037116.19999993,2037129.156,2037162.4
79,"6715b46f9f59f9e05837029a",4,5,"moderngreen","moderngreen","6","6","6","6","6","7","6","6","6","7",0,2081865.19999993,2081878.964,2081912.3
79,"6715b46f9f59f9e05837029a",5,6,"anarchic","anarchic","4","4","4","4","4","4","4","4","4","4",2,2154663.5,2154678.3,2154712.1
79,"6715b46f9f59f9e05837029a",6,7,"primitivist","primitivist","3","3","3","3","3","2","3","2","3","2",0,2200526.69999993,2200528.664,2200561.9
80,"69e4255d8aed7c574034e515",0,1,"lawBased","lawBased","5","3","5","6","5","6","3","5","6","5",1,349794.899999999,349795.402,349811.9
80,"69e4255d8aed7c574034e515",1,2,"futurist","futurist","2","3","5","2","3","7","5","5","7","3",1,447020.199999996,447017.274,447017.274
80,"69e4255d8aed7c574034e515",2,3,"religious","religious","2","5","4","7","1","1","7","2","1","1",1,539805.799999997,539797.34,539813.9
80,"69e4255d8aed7c574034e515",3,4,"aicentered","aicentered","2","3","5","6","5","6","7","3","7","6",0,600103.599999994,600095.202,600111.8
80,"69e4255d8aed7c574034e515",4,5,"primitivist","primitivist","2","2","4","4","3","2","6","2","1","1",1,661406.299999997,661409.838,661409.838
80,"69e4255d8aed7c574034e515",5,6,"moderngreen","moderngreen","5","4","5","4","7","7","5","6","7","7",2,740668,740673.534,740673.534
80,"69e4255d8aed7c574034e515",6,7,"anarchic","anarchic","6","7","7","6","5","4","3","5","4","5",0,817639.399999999,817637.308,817637.308
81,"6a0a21f0fcfb4aa7eb203b1e",0,1,"aicentered","aicentered","1","1","1","1","1","1","1","1","1","1",0,187982.399999976,188022.988,188022.988
81,"6a0a21f0fcfb4aa7eb203b1e",1,2,"religious","religious","1","1","1","1","1","1","1","1","1","1",0,273260.5,273265.4,273281.5
81,"6a0a21f0fcfb4aa7eb203b1e",2,3,"primitivist","primitivist","5","5","5","5","5","4","4","5","3","5",1,314996.800000012,315003.328,315019.3
81,"6a0a21f0fcfb4aa7eb203b1e",3,4,"futurist","futurist","7","7","7","7","7","7","7","7","7","7",0,466363.199999988,466376.496,466376.496
81,"6a0a21f0fcfb4aa7eb203b1e",4,5,"lawBased","lawBased","4","4","4","4","5","5","3","4","4","4",2,561488,561498.632,561498.632
81,"6a0a21f0fcfb4aa7eb203b1e",5,6,"moderngreen","moderngreen","7","7","7","7","7","7","7","7","7","7",0,686723.599999964,686729.492,686730.5
81,"6a0a21f0fcfb4aa7eb203b1e",6,7,"anarchic","anarchic","3","3","3","3","3","4","4","3","3","3",3,832451.300000012,832455.132,832471.3
82,"671ce7ade7a5cd2edc847b94",0,1,"anarchic","anarchic","4","5","4","4","7","5","1","4","2","3",1,505225.699999996,505228.526,505245.2
82,"671ce7ade7a5cd2edc847b94",1,2,"primitivist","primitivist","2","3","5","4","4","3","1","3","2","4",2,613243.399999999,613268.294,613268.294
82,"671ce7ade7a5cd2edc847b94",2,3,"futurist","futurist","3","4","4","2","4","1","2","1","2","1",0,669744.899999999,669771.314,669771.314
82,"671ce7ade7a5cd2edc847b94",3,4,"lawBased","lawBased","4","3","5","4","2","1","2","2","2","1",0,752742.799999997,752742.642,752759.3
82,"671ce7ade7a5cd2edc847b94",4,5,"moderngreen","moderngreen","1","2","1","2","2","2","1","2","2","1",0,816118.600000001,816129.33,816129.33
82,"671ce7ade7a5cd2edc847b94",5,6,"aicentered","aicentered","1","2","1","1","2","1","2","1","2","1",0,941339.299999997,941352.958,941352.958
82,"671ce7ade7a5cd2edc847b94",6,7,"religious","religious","1","2","1","2","1","2","1","2","2","1",0,1016270.3,1016273.922,1016290.5
83,"5b20c0474c72120001f25d90",0,1,"aicentered","aicentered","1","1","1","1","4","5","3","3","6","2",1,298964.799999952,298965.7,298981.6
83,"5b20c0474c72120001f25d90",1,2,"moderngreen","moderngreen","3","3","3","3","6","7","7","7","6","6",5,401555.599999905,401563.7,401580.3
83,"5b20c0474c72120001f25d90",2,3,"futurist","futurist","2","2","2","2","5","6","5","5","7","5",0,493250,493263.1,493279.2
83,"5b20c0474c72120001f25d90",3,4,"religious","religious","1","1","1","1","1","2","2","2","1","1",2,559842.599999905,559845.166,559861.4
83,"5b20c0474c72120001f25d90",4,5,"anarchic","anarchic","5","5","5","5","6","7","6","7","7","6",0,598219.599999905,598227.7,598244
83,"5b20c0474c72120001f25d90",5,6,"lawBased","lawBased","5","5","5","5","4","5","4","5","1","5",4,667877.5,667877.384,667877.384
83,"5b20c0474c72120001f25d90",6,7,"primitivist","primitivist","1","1","1","1","6","6","7","7","3","7",0,729750.299999952,729758.866,729775.8
84,"69e7b09e471d548512e69bf9",0,1,"religious","religious","3","5","6","7","1","1","5","1","1","1",3,292697,292693.86,292694.5
84,"69e7b09e471d548512e69bf9",1,2,"aicentered","aicentered","6","2","2","2","1","1","7","1","6","2",0,422164,422171.66,422188.32
84,"69e7b09e471d548512e69bf9",2,3,"moderngreen","moderngreen","6","6","7","6","6","7","6","5","6","6",1,486448,486443.42,486454.7
84,"69e7b09e471d548512e69bf9",3,4,"anarchic","anarchic","5","3","3","5","5","6","5","6","6","6",2,548663,548659.66,548672.26
84,"69e7b09e471d548512e69bf9",4,5,"futurist","futurist","2","2","5","4","6","7","6","6","7","7",0,666381,666376.52,666393.16
84,"69e7b09e471d548512e69bf9",5,6,"lawBased","lawBased","3","2","2","3","2","4","6","2","3","3",0,750730,750721.1,750737.76
84,"69e7b09e471d548512e69bf9",6,7,"primitivist","primitivist","4","5","5","4","2","2","6","2","1","3",0,795863,795858.8,795859.76
85,"69f663add8c27375de2ae11c",0,1,"futurist","futurist","5","5","5","4","5","5","4","4","7","5",9,210866.700000048,210871.03,210878.4
85,"69f663add8c27375de2ae11c",1,2,"religious","religious","6","6","6","6","5","5","5","5","2","5",4,427781.600000143,427781.998,427788.2
85,"69f663add8c27375de2ae11c",2,3,"lawBased","lawBased","5","5","5","5","5","6","5","5","2","5",2,541360.799999952,541357.3,541364.3
85,"69f663add8c27375de2ae11c",3,4,"aicentered","aicentered","3","3","3","3","2","6","2","2","6","4",2,633245.200000048,633247.684,633251.5
85,"69f663add8c27375de2ae11c",4,5,"anarchic","anarchic","7","7","7","7","6","5","6","2","2","2",5,706214.700000048,706211.3,706218.3
85,"69f663add8c27375de2ae11c",5,6,"moderngreen","moderngreen","3","3","4","4","4","6","4","3","3","4",3,801648.299999952,801647,801653.8
85,"69f663add8c27375de2ae11c",6,7,"primitivist","primitivist","3","3","3","3","2","3","2","2","2","2",0,879561.900000095,879562.396,879566.4
86,"6a1763821bd870b1e327c0d8",0,1,"moderngreen","moderngreen","5","5","4","5","4","5","4","5","5","5",1,258913.5,258912.932,258929.1
86,"6a1763821bd870b1e327c0d8",1,2,"aicentered","aicentered","3","3","3","3","2","2","6","2","3","1",2,353290.200000003,353294.532,353295.4
86,"6a1763821bd870b1e327c0d8",2,3,"primitivist","primitivist","5","5","5","5","4","5","2","3","5","4",1,419171.900000006,419161.262,419177.1
86,"6a1763821bd870b1e327c0d8",3,4,"lawBased","lawBased","3","3","3","3","2","3","5","2","3","2",0,484302.400000006,484309.6,484326.1
86,"6a1763821bd870b1e327c0d8",4,5,"anarchic","anarchic","3","3","3","4","4","3","2","3","4","3",1,534276.599999994,534275.866,534292
86,"6a1763821bd870b1e327c0d8",5,6,"futurist","futurist","3","3","3","3","3","3","4","3","4","2",0,614387.200000003,614391.898,614408.5
86,"6a1763821bd870b1e327c0d8",6,7,"religious","religious","4","4","4","4","3","2","4","2","3","2",0,661043.5,661041.2,661057.3
88,"6a19e091d2daf772fc872ab4",0,1,"aicentered","aicentered","5","5","4","3","2","3","6","2","5","1",0,163214,163244,163322
88,"6a19e091d2daf772fc872ab4",1,2,"futurist","futurist","5","5","5","5","3","5","6","3","5","3",0,262922,262965,262975
88,"6a19e091d2daf772fc872ab4",2,3,"primitivist","primitivist","6","6","6","6","6","6","3","6","3","5",0,360895,360924,360931
88,"6a19e091d2daf772fc872ab4",3,4,"moderngreen","moderngreen","5","6","5","6","3","4","5","2","5","3",0,411681,411710,411716
88,"6a19e091d2daf772fc872ab4",4,5,"religious","religious","2","2","2","2","1","2","6","1","1","1",0,582260,582288,582294
88,"6a19e091d2daf772fc872ab4",5,6,"anarchic","anarchic","6","6","6","6","5","5","2","5","6","4",0,623251,623279,623285
88,"6a19e091d2daf772fc872ab4",6,7,"lawBased","lawBased","6","6","6","6","6","6","5","5","6","5",0,659807,659835,659841
89,"5a80f74aaa46dd00016b7df9",0,1,"primitivist","primitivist","7","6","7","6","2","4","6","2","2","2",0,351380.400000095,351394.994,351395.2
89,"5a80f74aaa46dd00016b7df9",1,2,"religious","religious","6","7","6","6","6","7","7","5","1","6",3,590484,590493.764,590493.764
89,"5a80f74aaa46dd00016b7df9",2,3,"aicentered","aicentered","1","2","1","2","7","7","7","6","7","5",2,776565.400000095,776576.798,776576.798
89,"5a80f74aaa46dd00016b7df9",3,4,"anarchic","anarchic","7","7","7","7","7","7","7","7","7","7",0,890744.799999952,890759.128,890759.128
89,"5a80f74aaa46dd00016b7df9",4,5,"futurist","futurist","3","4","3","4","5","5","7","4","7","4",4,1014757.70000005,1014758.666,1014775.2
89,"5a80f74aaa46dd00016b7df9",5,6,"moderngreen","moderngreen","6","6","6","6","6","6","7","3","6","3",1,1174319.9000001,1174324.732,1174341.2
89,"5a80f74aaa46dd00016b7df9",6,7,"lawBased","lawBased","6","6","5","5","2","2","7","2","2","2",2,1427878.79999995,1427890.532,1427890.532
91,"6100949844ff99c54b0e755e",0,1,"aicentered","aicentered","1","1","2","1","1","1","1","1","2","1",0,329098.399999976,329096.7,329103.7
91,"6100949844ff99c54b0e755e",1,2,"futurist","futurist","5","5","6","6","4","4","4","4","5","4",0,401272,401268.6,401275.5
91,"6100949844ff99c54b0e755e",2,3,"religious","religious","1","1","4","4","1","1","1","1","1","1",0,506557,506550.8,506557.7
91,"6100949844ff99c54b0e755e",3,4,"primitivist","primitivist","4","4","5","5","6","6","5","6","4","6",0,556299.200000048,556298.262,556299.6
91,"6100949844ff99c54b0e755e",4,5,"anarchic","anarchic","4","4","3","3","4","4","5","5","5","6",0,625838.5,625832.6,625839.6
91,"6100949844ff99c54b0e755e",5,6,"moderngreen","moderngreen","5","5","5","5","7","7","7","7","7","7",2,681798.899999976,681796.6,681803.5
91,"6100949844ff99c54b0e755e",6,7,"lawBased","lawBased","5","5","6","6","3","4","3","3","3","3",1,732137.200000048,732142.8,732149.7
92,"6a18e206268ae45110499045",0,1,"lawBased","lawBased","5","3","5","5","4","6","2","3","3","3",0,312674.899999857,312675.8,312681.9
92,"6a18e206268ae45110499045",1,2,"anarchic","anarchic","1","2","5","5","1","2","1","1","6","1",0,413684.899999857,413680.2,413686.3
92,"6a18e206268ae45110499045",2,3,"futurist","futurist","6","5","6","6","6","6","3","5","5","6",0,524649.599999905,524652.3,524658.4
92,"6a18e206268ae45110499045",3,4,"aicentered","aicentered","1","1","1","1","1","1","1","1","1","1",0,593879,593872.6,593878.7
92,"6a18e206268ae45110499045",4,5,"moderngreen","moderngreen","6","6","7","7","7","7","6","7","4","7",0,636703.5,636706.8,636713.8
92,"6a18e206268ae45110499045",5,6,"religious","religious","1","1","4","4","1","4","1","1","2","1",1,694196,694192.2,694198.3
92,"6a18e206268ae45110499045",6,7,"primitivist","primitivist","6","6","7","6","7","7","7","7","7","7",1,746253.699999809,746249.6,746255.7
94,"6a13b9a53ecf22ea77ab369b",0,1,"primitivist","primitivist","6","6","6","7","6","7","6","6","5","6",0,244027.399999999,244042.956,244042.956
94,"6a13b9a53ecf22ea77ab369b",1,2,"moderngreen","moderngreen","6","6","6","7","6","6","6","6","7","6",0,299251.599999994,299243.216,299254.5
94,"6a13b9a53ecf22ea77ab369b",2,3,"aicentered","aicentered","1","1","1","1","1","1","1","1","6","1",0,354112.799999997,354108.458,354114.4
94,"6a13b9a53ecf22ea77ab369b",3,4,"futurist","futurist","4","4","4","5","3","4","5","4","5","3",1,391735.299999997,391729.4,391739.5
94,"6a13b9a53ecf22ea77ab369b",4,5,"anarchic","anarchic","5","5","5","6","7","7","7","7","7","7",0,450937.799999997,450929.8,450940.4
94,"6a13b9a53ecf22ea77ab369b",5,6,"lawBased","lawBased","3","3","3","5","3","2","3","3","4","2",0,488758.5,488751.12,488760.9
94,"6a13b9a53ecf22ea77ab369b",6,7,"religious","religious","3","3","3","5","1","2","1","1","4","1",2,532945.5,532937.692,532948.2
96,"69e4126124a34f38d0732741",0,1,"futurist","futurist","6","6","6","6","5","5","3","5","3","5",1,332956.799999952,332992.43,332992.43
96,"69e4126124a34f38d0732741",1,2,"anarchic","anarchic","6","6","6","7","5","5","6","5","6","5",1,560731.899999976,560744.992,560744.992
96,"69e4126124a34f38d0732741",2,3,"lawBased","lawBased","2","2","6","1","1","2","2","1","2","2",2,746665.299999952,746683.46,746683.46
96,"69e4126124a34f38d0732741",3,4,"aicentered","aicentered","1","2","1","1","1","1","1","1","1","1",0,896045.299999952,896057.76,896057.76
96,"69e4126124a34f38d0732741",4,5,"religious","religious","5","5","5","5","2","3","2","1","1","1",3,1018419.39999998,1018433.328,1018433.328
96,"69e4126124a34f38d0732741",5,6,"moderngreen","moderngreen","6","6","6","6","6","7","6","7","7","7",4,1164017.60000002,1164024.388,1164040.6
96,"69e4126124a34f38d0732741",6,7,"primitivist","primitivist","4","5","6","5","5","5","4","5","4","3",0,1294577.60000002,1294599.65,1294599.65
97,"69a4b67351c86f1665010c28",0,1,"aicentered","aicentered","3","3","3","3","5","5","3","5","6","5",0,423202.899999857,423241.15,423241.2
97,"69a4b67351c86f1665010c28",1,2,"futurist","futurist","6","6","6","6","7","6","2","7","6","7",0,593683.699999809,593685.458,593702.2
97,"69a4b67351c86f1665010c28",2,3,"religious","religious","5","5","5","5","1","1","1","1","2","1",0,671836,671841.164,671841.2
97,"69a4b67351c86f1665010c28",3,4,"lawBased","lawBased","5","5","5","5","2","3","6","2","2","2",0,826810.699999809,826820.7,826837.2
97,"69a4b67351c86f1665010c28",4,5,"anarchic","anarchic","6","6","6","6","5","6","2","5","5","5",0,896023.799999952,896028.864,896029.7
97,"69a4b67351c86f1665010c28",5,6,"primitivist","primitivist","5","5","5","5","2","4","5","2","2","2",0,957593.099999905,957586.946,957604
97,"69a4b67351c86f1665010c28",6,7,"moderngreen","moderngreen","6","6","6","6","6","6","2","6","6","6",0,1016261.39999986,1016263.158,1016263.158
98,"69efd6b0a093516b899d9ff2",0,1,"religious","religious","7","7","7","7","7","7","6","7","6","7",1,98127.8999999762,98132.398,98132.398
98,"69efd6b0a093516b899d9ff2",1,2,"futurist","futurist","6","6","6","6","6","6","6","6","7","6",1,134200.800000012,134198.998,134198.998
98,"69efd6b0a093516b899d9ff2",2,3,"lawBased","lawBased","5","5","5","5","5","5","5","5","5","5",0,162207,162198.478,162214.6
98,"69efd6b0a093516b899d9ff2",3,4,"moderngreen","moderngreen","5","5","5","5","5","5","5","5","5","5",2,196420.599999964,196431.096,196447.5
98,"69efd6b0a093516b899d9ff2",4,5,"aicentered","aicentered","4","4","4","4","3","4","4","3","7","3",1,229691.599999964,229680.63,229697
98,"69efd6b0a093516b899d9ff2",5,6,"anarchic","anarchic","3","3","3","3","3","3","3","3","3","3",0,261545,261546.78,261563.1
98,"69efd6b0a093516b899d9ff2",6,7,"primitivist","primitivist","5","5","5","5","4","4","4","5","2","3",5,287504,287513.144,287513.144
99,"6a0baf5f27b302205f407d3c",0,1,"futurist","futurist","5","3","4","3","4","4","4","3","5","5",0,175595,175616,175749
99,"6a0baf5f27b302205f407d3c",1,2,"lawBased","lawBased","5","5","5","4","4","4","6","3","3","4",1,218206,218224,218266
99,"6a0baf5f27b302205f407d3c",2,3,"moderngreen","moderngreen","7","6","5","6","7","6","6","6","7","6",0,256928,256943,256977
99,"6a0baf5f27b302205f407d3c",3,4,"primitivist","primitivist","5","5","5","4","3","5","2","3","3","3",5,288300,288316,288343
99,"6a0baf5f27b302205f407d3c",4,5,"anarchic","anarchic","7","7","6","7","7","7","6","7","6","6",3,331703,331719,331759
99,"6a0baf5f27b302205f407d3c",5,6,"religious","religious","2","2","3","1","2","2","3","2","1","1",2,377088,377103,377137
99,"6a0baf5f27b302205f407d3c",6,7,"aicentered","aicentered","3","2","1","1","3","1","7","1","5","1",1,413997,414012,414045
101,"6a0e62bef81c36a7dfcd404f",0,1,"aicentered","aicentered","1","1","3","1","1","1","1","1","5","1",0,197635,197653,197713
101,"6a0e62bef81c36a7dfcd404f",1,2,"anarchic","anarchic","4","4","1","2","4","6","6","6","7","4",0,288575,288596,288630
101,"6a0e62bef81c36a7dfcd404f",2,3,"futurist","futurist","1","1","2","4","3","5","5","1","7","3",2,357190,357208,357230
101,"6a0e62bef81c36a7dfcd404f",3,4,"lawBased","lawBased","5","4","5","3","4","1","1","3","2","2",2,419359,419377,419396
101,"6a0e62bef81c36a7dfcd404f",4,5,"primitivist","primitivist","1","1","1","1","1","3","1","1","1","1",0,492940,492963,492996
101,"6a0e62bef81c36a7dfcd404f",5,6,"moderngreen","moderngreen","7","5","7","7","4","7","5","3","7","1",0,563239,563263,563296
101,"6a0e62bef81c36a7dfcd404f",6,7,"religious","religious","1","1","4","2","1","1","1","1","1","1",1,662090,662112,662146
103,"6a0158ba79527c0dc00b8153",0,1,"lawBased","lawBased","5","5","6","6","2","5","2","3","3","1",2,315399.799999952,315407.716,315407.716
103,"6a0158ba79527c0dc00b8153",1,2,"anarchic","anarchic","5","5","6","6","6","6","6","6","4","6",3,431171.299999952,431159.9,431176.6
103,"6a0158ba79527c0dc00b8153",2,3,"aicentered","aicentered","3","3","5","5","1","5","1","1","4","1",4,541854.100000024,541844.9,541861.6
103,"6a0158ba79527c0dc00b8153",3,4,"moderngreen","moderngreen","5","5","6","6","2","7","1","6","6","6",2,658374.299999952,658363,658379.6
103,"6a0158ba79527c0dc00b8153",4,5,"primitivist","primitivist","3","3","5","5","3","6","3","6","4","3",0,729732.5,729731.962,729747.8
103,"6a0158ba79527c0dc00b8153",5,6,"religious","religious","1","1","5","5","2","3","2","1","2","1",0,817906.799999952,817917.9,817934.9
103,"6a0158ba79527c0dc00b8153",6,7,"futurist","futurist","2","2","5","5","1","1","1","2","2","1",4,866542,866549.6,866566.3
105,"6a19bd25d19e132edd24a417",0,1,"religious","religious","2","2","1","1","1","2","5","1","2","1",1,164858,164874,164925
105,"6a19bd25d19e132edd24a417",1,2,"lawBased","lawBased","4","4","4","4","3","4","4","4","3","4",2,240879,240893,240905
105,"6a19bd25d19e132edd24a417",2,3,"moderngreen","moderngreen","5","5","5","5","5","5","2","5","6","4",0,292512,292526,292537
105,"6a19bd25d19e132edd24a417",3,4,"futurist","futurist","2","2","2","2","3","3","4","3","5","3",1,330545,330559,330570
105,"6a19bd25d19e132edd24a417",4,5,"anarchic","anarchic","5","5","5","5","5","6","7","5","6","5",0,369296,369310,369320
105,"6a19bd25d19e132edd24a417",5,6,"aicentered","aicentered","1","1","1","1","1","1","6","1","1","1",1,406811,406824,406837
105,"6a19bd25d19e132edd24a417",6,7,"primitivist","primitivist","4","4","4","4","2","3","5","3","5","2",0,436045,436059,436070
106,"6727af89081bd9f0e0d0973d",0,1,"moderngreen","moderngreen","6","6","6","6","4","6","3","4","5","5",0,271975.099999964,271986.228,271992.4
106,"6727af89081bd9f0e0d0973d",1,2,"primitivist","primitivist","4","5","6","7","2","3","2","3","4","2",6,363489.599999964,363485.128,363491
106,"6727af89081bd9f0e0d0973d",2,3,"anarchic","anarchic","5","4","5","4","4","7","5","6","6","6",3,444969.099999964,444972.232,444973.7
106,"6727af89081bd9f0e0d0973d",3,4,"futurist","futurist","2","3","3","4","2","3","2","2","2","3",4,523803.899999976,523807.5,523814.5
106,"6727af89081bd9f0e0d0973d",4,5,"aicentered","aicentered","3","3","3","2","4","5","3","3","6","2",3,621152,621150.128,621156.1
106,"6727af89081bd9f0e0d0973d",5,6,"lawBased","lawBased","5","5","5","6","3","5","2","4","2","4",1,694708.799999952,694706.696,694711.1
106,"6727af89081bd9f0e0d0973d",6,7,"religious","religious","4","5","6","5","2","2","2","2","4","1",5,764018.899999976,764013.5,764020.5
108,"69a46403d8ee3370aefc523f",0,1,"primitivist","primitivist","5","5","5","5","4","4","4","5","3","4",1,365213.700000018,365223.494,365223.5
108,"69a46403d8ee3370aefc523f",1,2,"lawBased","lawBased","4","4","5","4","2","2","2","2","2","2",0,471366,471379.526,471396.2
108,"69a46403d8ee3370aefc523f",2,3,"moderngreen","moderngreen","5","5","6","5","4","5","3","5","4","5",0,586591.599999994,586601.942,586618.5
108,"69a46403d8ee3370aefc523f",3,4,"aicentered","aicentered","6","6","6","6","1","1","1","2","1","2",0,686332.800000012,686358.05,686358.05
108,"69a46403d8ee3370aefc523f",4,5,"futurist","futurist","4","4","4","5","5","4","3","5","7","5",0,736913.099999994,736927.264,736943.8
108,"69a46403d8ee3370aefc523f",5,6,"anarchic","anarchic","4","4","5","5","2","2","2","2","3","2",0,805491.700000018,805514.73,805514.73
108,"69a46403d8ee3370aefc523f",6,7,"religious","religious","6","6","6","6","2","2","2","2","2","2",0,940018.400000006,940039.184,940039.184
109,"6a1319c4c12cd346dece9fba",0,1,"lawBased","lawBased","5","5","5","5","3","4","3","5","5","4",0,393412.5,393417.73,393427.7
109,"6a1319c4c12cd346dece9fba",1,2,"religious","religious","5","5","5","4","4","3","4","3","3","4",0,550874.399999976,550872.2,550885.5
109,"6a1319c4c12cd346dece9fba",2,3,"futurist","futurist","5","4","5","4","2","2","2","2","2","2",0,606702.5,606702.698,606719.4
109,"6a1319c4c12cd346dece9fba",3,4,"primitivist","primitivist","5","4","5","5","3","3","3","4","4","4",0,654118.199999928,654123.256,654123.4
109,"6a1319c4c12cd346dece9fba",4,5,"moderngreen","moderngreen","5","4","4","4","4","4","4","4","4","3",0,694623.199999928,694618.2,694631.5
109,"6a1319c4c12cd346dece9fba",5,6,"aicentered","aicentered","5","3","5","4","2","2","1","2","2","1",0,755400.699999928,755533.9,755547.2
109,"6a1319c4c12cd346dece9fba",6,7,"anarchic","anarchic","3","5","5","5","2","1","2","2","2","1",0,810376.299999952,810370.494,810380.6
110,"6a1a50ad3e0e62d7abe2bfbf",0,1,"primitivist","primitivist","5","5","5","5","6","6","5","5","3","5",1,178416,178433,178490
110,"6a1a50ad3e0e62d7abe2bfbf",1,2,"moderngreen","moderngreen","2","3","5","5","5","6","5","5","3","5",2,285545,285562,285576
110,"6a1a50ad3e0e62d7abe2bfbf",2,3,"futurist","futurist","2","2","3","4","3","5","2","4","5","3",3,376305,376320,376334
110,"6a1a50ad3e0e62d7abe2bfbf",3,4,"anarchic","anarchic","6","6","6","6","6","6","6","6","6","6",0,425526,425543,425567
110,"6a1a50ad3e0e62d7abe2bfbf",4,5,"religious","religious","1","1","5","5","1","1","1","1","1","1",1,470557,470574,470588
110,"6a1a50ad3e0e62d7abe2bfbf",5,6,"lawBased","lawBased","6","6","6","6","5","6","2","5","5","4",0,508788,508803,508817
110,"6a1a50ad3e0e62d7abe2bfbf",6,7,"aicentered","aicentered","5","5","5","5","1","5","1","1","4","1",2,553447,553463,553476
111,"6a1b94860a6c2c63ea9f27a5",0,1,"moderngreen","moderngreen","3","3","4","2","3","3","4","2","5","2",1,211865,211896,212025
111,"6a1b94860a6c2c63ea9f27a5",1,2,"primitivist","primitivist","4","4","5","5","4","5","4","3","5","3",1,338789,338810,338819
111,"6a1b94860a6c2c63ea9f27a5",2,3,"lawBased","lawBased","6","6","6","6","4","5","2","4","2","4",2,430133,430162,430174
111,"6a1b94860a6c2c63ea9f27a5",3,4,"religious","religious","2","2","1","1","1","1","1","1","3","1",3,495144,495169,495180
111,"6a1b94860a6c2c63ea9f27a5",4,5,"anarchic","anarchic","5","4","4","5","3","4","1","2","5","2",1,537922,537948,537959
111,"6a1b94860a6c2c63ea9f27a5",5,6,"futurist","futurist","3","4","4","4","4","5","3","4","3","4",1,612232,612257,612269
111,"6a1b94860a6c2c63ea9f27a5",6,7,"aicentered","aicentered","1","1","1","1","1","1","1","1","1","1",0,673693,673720,673732
113,"6a089cf8a4518f41f3a55ccd",0,1,"primitivist","primitivist","1","1","1","1","1","1","1","1","1","1",0,180488.199999928,180494.526,180494.526
113,"6a089cf8a4518f41f3a55ccd",1,2,"futurist","futurist","5","4","5","5","2","5","3","5","7","5",0,253849.199999928,253848.262,253856.6
113,"6a089cf8a4518f41f3a55ccd",2,3,"aicentered","aicentered","1","1","1","1","1","1","1","1","1","1",0,310118.299999952,310126.992,310127.1
113,"6a089cf8a4518f41f3a55ccd",3,4,"moderngreen","moderngreen","3","3","3","4","2","5","1","5","5","3",0,352384.399999976,352393.356,352393.5
113,"6a089cf8a4518f41f3a55ccd",4,5,"anarchic","anarchic","1","1","1","1","1","1","1","1","1","1",0,414428.899999976,414430.7,414439
113,"6a089cf8a4518f41f3a55ccd",5,6,"lawBased","lawBased","7","7","7","7","7","7","7","7","7","7",0,481713.600000024,481713.262,481721.7
113,"6a089cf8a4518f41f3a55ccd",6,7,"religious","religious","1","1","1","1","1","1","1","1","1","1",0,533819.600000024,533821.418,533821.418
114,"69614f58c570d5c7dddaee3c",0,1,"moderngreen","moderngreen","5","2","5","5","3","5","3","5","5","5",2,161793.900000006,161801.33,161817
114,"69614f58c570d5c7dddaee3c",1,2,"primitivist","primitivist","2","2","2","2","2","1","1","2","1","2",0,238209.300000004,238216.824,238232.5
114,"69614f58c570d5c7dddaee3c",2,3,"anarchic","anarchic","5","3","3","5","4","5","2","5","3","3",0,279127.900000006,279132.924,279133
114,"69614f58c570d5c7dddaee3c",3,4,"aicentered","aicentered","4","2","2","2","2","2","2","3","5","2",0,321789.800000004,321798.6,321815
114,"69614f58c570d5c7dddaee3c",4,5,"futurist","futurist","5","5","5","4","5","6","3","5","6","6",2,381959.100000001,381964.866,381981.6
114,"69614f58c570d5c7dddaee3c",5,6,"lawBased","lawBased","5","5","5","5","5","5","5","4","5","5",0,500349.300000004,500345.892,500362.1
114,"69614f58c570d5c7dddaee3c",6,7,"religious","religious","6","5","6","6","6","7","3","6","4","6",0,598670.100000001,598677.698,598694.1
115,"6a0a96921b2257d981246dcd",0,1,"anarchic","anarchic","5","5","6","6","5","6","5","6","6","5",0,181478.9,181480.294,181480.294
115,"6a0a96921b2257d981246dcd",1,2,"futurist","futurist","6","6","6","7","7","7","6","7","7","7",0,240744.3,240746.922,240746.922
115,"6a0a96921b2257d981246dcd",2,3,"moderngreen","moderngreen","6","5","6","6","7","7","7","7","7","7",0,286187.5,286196.866,286213.5
115,"6a0a96921b2257d981246dcd",3,4,"primitivist","primitivist","5","5","5","6","6","6","5","6","7","6",0,324781.7,324780.164,324796.7
115,"6a0a96921b2257d981246dcd",4,5,"lawBased","lawBased","5","5","5","5","5","6","5","6","6","5",0,374250.9,374262.9,374280.1
115,"6a0a96921b2257d981246dcd",5,6,"aicentered","aicentered","2","6","2","2","1","1","1","1","2","1",0,419819.1,419830.1,419846.7
115,"6a0a96921b2257d981246dcd",6,7,"religious","religious","1","6","6","6","1","1","1","1","1","1",0,457646.3,457646.766,457663.4
116,"6a1bb4b5eb9883bf7626d6df",0,1,"primitivist","primitivist","5","4","4","4","2","2","2","2","2","1",1,456325.699999809,456345.434,456345.434
116,"6a1bb4b5eb9883bf7626d6df",1,2,"anarchic","anarchic","5","5","5","5","3","5","5","4","4","5",0,576101.299999952,576096.96,576113.4
116,"6a1bb4b5eb9883bf7626d6df",2,3,"aicentered","aicentered","4","4","4","4","1","1","1","1","1","1",0,669236.399999857,669231.63,669247.8
116,"6a1bb4b5eb9883bf7626d6df",3,4,"religious","religious","4","4","4","4","1","2","1","1","1","1",1,726924.199999809,726932.086,726948.4
116,"6a1bb4b5eb9883bf7626d6df",4,5,"futurist","futurist","5","5","5","5","5","5","5","5","7","5",1,761413.399999857,761415.62,761415.62
116,"6a1bb4b5eb9883bf7626d6df",5,6,"moderngreen","moderngreen","6","6","6","5","5","6","5","5","6","3",4,813854.599999905,813849.5,813866.1
116,"6a1bb4b5eb9883bf7626d6df",6,7,"lawBased","lawBased","5","3","3","3","2","5","1","2","2","1",4,872217.5,872216.892,872216.892
118,"6a124cb04da4df8e5924d495",0,1,"religious","religious","7","7","7","6","4","7","6","4","3","5",0,337815.600000001,337816.67,337830.7
118,"6a124cb04da4df8e5924d495",1,2,"aicentered","aicentered","3","6","6","3","1","1","1","1","4","1",0,432696.699999999,432710.13,432726.7
118,"6a124cb04da4df8e5924d495",2,3,"futurist","futurist","3","5","5","2","3","5","1","3","6","5",0,495013.600000001,495008.632,495024.9
118,"6a124cb04da4df8e5924d495",3,4,"anarchic","anarchic","6","6","6","4","4","5","4","4","6","5",0,563834.199999999,563833.026,563849.4
118,"6a124cb04da4df8e5924d495",4,5,"moderngreen","moderngreen","5","7","6","5","6","7","1","6","7","6",1,644332.899999999,644344.296,644360.8
118,"6a124cb04da4df8e5924d495",5,6,"primitivist","primitivist","7","6","6","7","3","4","5","3","4","4",0,709861,709872.2,709888.9
118,"6a124cb04da4df8e5924d495",6,7,"lawBased","lawBased","7","7","7","7","6","7","2","6","5","6",0,827484.600000001,827493.2,827509.9
119,"6a1bc40efaf7defaede89aa6",0,1,"anarchic","anarchic","6","6","6","7","5","7","6","7","7","6",7,133272.099999905,133301.046,133317.8
119,"6a1bc40efaf7defaede89aa6",1,2,"aicentered","aicentered","1","1","2","2","2","2","1","2","5","2",5,215591.599999905,215602.728,215602.728
119,"6a1bc40efaf7defaede89aa6",2,3,"futurist","futurist","5","4","5","3","2","2","1","1","5","1",4,272839.200000048,272853.296,272853.296
119,"6a1bc40efaf7defaede89aa6",3,4,"moderngreen","moderngreen","6","6","6","7","5","6","5","5","6","5",9,336293.799999952,336306.7,336320.7
119,"6a1bc40efaf7defaede89aa6",4,5,"primitivist","primitivist","7","7","7","7","7","6","7","7","7","7",0,394911.5,394924.862,394938.3
119,"6a1bc40efaf7defaede89aa6",5,6,"religious","religious","4","4","5","6","1","1","1","1","1","1",0,423575.099999905,423572.1,423588.8
119,"6a1bc40efaf7defaede89aa6",6,7,"lawBased","lawBased","3","3","3","5","4","5","5","4","4","3",2,456297.400000095,456305.996,456322.5
