json_file,window_index,window_text,sentiment_label,sentiment_score
59a07638bfd73c00010ea394_audio_missing_utopia_1780152365703_transcript,0,I don't really have any complaints with the choices that,neutral,0.6967774033546448
59a07638bfd73c00010ea394_audio_missing_utopia_1780152365703_transcript,1,were present. I'd say some of them could have been,neutral,0.7864034175872803
59a07638bfd73c00010ea394_audio_missing_utopia_1780152365703_transcript,2,a bit more detailed in what they were trying to,neutral,0.7562608122825623
59a07638bfd73c00010ea394_audio_missing_utopia_1780152365703_transcript,3,"provide. Anything I can think of, I think, has already",neutral,0.8057901859283447
59a07638bfd73c00010ea394_audio_missing_utopia_1780152365703_transcript,4,"been touched upon, but not in the entirety that I",neutral,0.783241331577301
59a07638bfd73c00010ea394_audio_missing_utopia_1780152365703_transcript,5,"think of. For example, the green utopia. In concept, it's",neutral,0.6638718843460083
59a07638bfd73c00010ea394_audio_missing_utopia_1780152365703_transcript,6,"pretty good, but there has to be a bunch of",positive,0.8542995452880859
59a07638bfd73c00010ea394_audio_ranking_explanation_1780152318767_transcript,0,"Well, I think science and innovation top all, and that's",positive,0.7768856883049011
59a07638bfd73c00010ea394_audio_ranking_explanation_1780152318767_transcript,1,why I have it as my number one choice. Under,neutral,0.5960823893547058
59a07638bfd73c00010ea394_audio_ranking_explanation_1780152318767_transcript,2,"that, having sustainability in the form of green energy in",positive,0.5611832737922668
59a07638bfd73c00010ea394_audio_ranking_explanation_1780152318767_transcript,3,"conjunction with nature, with bits of modernality, makes that modern",neutral,0.8480260372161865
59a07638bfd73c00010ea394_audio_ranking_explanation_1780152318767_transcript,4,green utopia a good secondary choice. um the third one,positive,0.8238304853439331
59a07638bfd73c00010ea394_audio_ranking_explanation_1780152318767_transcript,5,is basically the world we already live in so i,neutral,0.6630666255950928
59a07638bfd73c00010ea394_audio_ranking_explanation_1780152318767_transcript,6,went ahead and i selected that one mainly because i,neutral,0.6406221389770508
59a07638bfd73c00010ea394_audio_ranking_explanation_1780152318767_transcript,7,compared it to the others and it just ruled above,neutral,0.8172312378883362
59a07638bfd73c00010ea394_audio_ranking_explanation_1780152318767_transcript,8,those um the moral commonwealth i didn't really like all,negative,0.8504055738449097
59a07638bfd73c00010ea394_audio_ranking_explanation_1780152318767_transcript,9,too much just because governed by morality uh that that's,negative,0.6459629535675049
59a07638bfd73c00010ea394_audio_ranking_explanation_1780152318767_transcript,10,not going to work really too well because someone can,negative,0.7705821394920349
59a07638bfd73c00010ea394_audio_ranking_explanation_1780152318767_transcript,11,take control of the world basically in that scenario The,neutral,0.754359781742096
59a07638bfd73c00010ea394_audio_ranking_explanation_1780152318767_transcript,12,"Primitial Bliss, it was just the better option than the",positive,0.5820831060409546
59a07638bfd73c00010ea394_audio_ranking_explanation_1780152318767_transcript,13,two below that one. AI is really too black and,negative,0.7981964349746704
59a07638bfd73c00010ea394_audio_ranking_explanation_1780152318767_transcript,14,white and is prone to error. So that would just,negative,0.6440423727035522
59a07638bfd73c00010ea394_audio_ranking_explanation_1780152318767_transcript,15,lead to more chaos than order. And I really just,negative,0.8515797257423401
63d7b1a77e23b5460ab88069_audio_missing_utopia_1780152859465_transcript,0,I'm not all that imaginative. So the options given were,neutral,0.5413604974746704
63d7b1a77e23b5460ab88069_audio_missing_utopia_1780152859465_transcript,1,plentiful. I can't really see anything that's missing. I think,neutral,0.5323420763015747
63d7b1a77e23b5460ab88069_audio_missing_utopia_1780152859465_transcript,2,"for any of it to work, people need to kind",negative,0.6771731972694397
63d7b1a77e23b5460ab88069_audio_missing_utopia_1780152859465_transcript,3,of buy in. And I think that's where the legal,neutral,0.8815324306488037
63d7b1a77e23b5460ab88069_audio_missing_utopia_1780152859465_transcript,4,system comes into play in which people kind of buy,neutral,0.8761692047119141
63d7b1a77e23b5460ab88069_audio_missing_utopia_1780152859465_transcript,5,"in. We kind of see that as of now, only",neutral,0.8965720534324646
63d7b1a77e23b5460ab88069_audio_missing_utopia_1780152859465_transcript,6,"a few individuals commit the crimes, but a large majority",negative,0.5986657738685608
63d7b1a77e23b5460ab88069_audio_missing_utopia_1780152859465_transcript,7,abide by it. So there's nothing in particular that I,neutral,0.8241565823554993
63d7b1a77e23b5460ab88069_audio_ranking_explanation_1780152809144_transcript,0,The reason why I ranked my choices in the order,neutral,0.7615827918052673
63d7b1a77e23b5460ab88069_audio_ranking_explanation_1780152809144_transcript,1,"that I did is based on what I've currently experienced,",neutral,0.9441976547241211
63d7b1a77e23b5460ab88069_audio_ranking_explanation_1780152809144_transcript,2,"institutional utopia, rule of law. Even though our world is",neutral,0.6670099496841431
63d7b1a77e23b5460ab88069_audio_ranking_explanation_1780152809144_transcript,3,"not a utopia, that's kind of the world that we",neutral,0.5759707689285278
63d7b1a77e23b5460ab88069_audio_ranking_explanation_1780152809144_transcript,4,live in now in which we kind of are obligated,neutral,0.7499213218688965
63d7b1a77e23b5460ab88069_audio_ranking_explanation_1780152809144_transcript,5,by legal regulations. So I'd rather focus on something that,neutral,0.6788922548294067
63d7b1a77e23b5460ab88069_audio_ranking_explanation_1780152809144_transcript,6,"I'm used to than thinking about hypotheticals. And then, of",neutral,0.6885303258895874
63d7b1a77e23b5460ab88069_audio_ranking_explanation_1780152809144_transcript,7,"course, the low tech and small scale, I believe, having",neutral,0.7791754603385925
63d7b1a77e23b5460ab88069_audio_ranking_explanation_1780152809144_transcript,8,"small scale communities, we kind of already have those. We",neutral,0.7177032828330994
63d7b1a77e23b5460ab88069_audio_ranking_explanation_1780152809144_transcript,9,have suburbs with like HOA communities for people kind of,neutral,0.8067123293876648
63d7b1a77e23b5460ab88069_audio_ranking_explanation_1780152809144_transcript,10,"stake in their own communities, watch out for each other,",neutral,0.792418360710144
63d7b1a77e23b5460ab88069_audio_ranking_explanation_1780152809144_transcript,11,report things. So it kind of made the next sense.,neutral,0.7703348994255066
63d7b1a77e23b5460ab88069_audio_ranking_explanation_1780152809144_transcript,12,Sustainable and secure. Sustainability is always a great idea. But,positive,0.8445971608161926
63d7b1a77e23b5460ab88069_audio_ranking_explanation_1780152809144_transcript,13,the fact that it will be secure is what made,positive,0.5233386754989624
63d7b1a77e23b5460ab88069_audio_ranking_explanation_1780152809144_transcript,14,"me focus on that. But number four, inner morality. I",neutral,0.8443635106086731
63d7b1a77e23b5460ab88069_audio_ranking_explanation_1780152809144_transcript,15,think I placed it here just because I don't trust,negative,0.6978256702423096
63d7b1a77e23b5460ab88069_audio_ranking_explanation_1780152809144_transcript,16,people's morals. We all want to believe we're moral. But,neutral,0.7117646336555481
63d7b1a77e23b5460ab88069_audio_ranking_explanation_1780152809144_transcript,17,"from what I'm seeing in our current world, I think",neutral,0.862933874130249
63d7b1a77e23b5460ab88069_audio_ranking_explanation_1780152809144_transcript,18,"deep down we all have different definitions, even though there",neutral,0.6724963188171387
63d7b1a77e23b5460ab88069_audio_ranking_explanation_1780152809144_transcript,19,might be like a universal basic principle to it. Science,neutral,0.7428022027015686
63d7b1a77e23b5460ab88069_audio_ranking_explanation_1780152809144_transcript,20,"and innovation, while cool, you can always trust the science",positive,0.7771870493888855
63d7b1a77e23b5460ab88069_audio_ranking_explanation_1780152809144_transcript,21,"that's being spit out, you always have to question it,",negative,0.6249751448631287
63d7b1a77e23b5460ab88069_audio_ranking_explanation_1780152809144_transcript,22,"and I feel like if you make science the norm,",negative,0.6163339614868164
63d7b1a77e23b5460ab88069_audio_ranking_explanation_1780152809144_transcript,23,"then you kind of take everything at face value, and",neutral,0.6638750433921814
63d7b1a77e23b5460ab88069_audio_ranking_explanation_1780152809144_transcript,24,things that contradict it might be hidden or dismissed like,negative,0.5217171311378479
63d7b1a77e23b5460ab88069_audio_ranking_explanation_1780152809144_transcript,25,we currently see in our current world. data and data-driven,neutral,0.9061173796653748
63d7b1a77e23b5460ab88069_audio_ranking_explanation_1780152809144_transcript,26,governance ai is the new buzzword so um i'm just,neutral,0.7598893046379089
63d7b1a77e23b5460ab88069_audio_ranking_explanation_1780152809144_transcript,27,kind of skeptical we don't know how it the world,negative,0.5957129597663879
63d7b1a77e23b5460ab88069_audio_ranking_explanation_1780152809144_transcript,28,is going to turn out in the future with how,neutral,0.8760149478912354
63d7b1a77e23b5460ab88069_audio_ranking_explanation_1780152809144_transcript,29,much they're trying to integrate it in every single aspect,neutral,0.7417418956756592
63d7b1a77e23b5460ab88069_audio_ranking_explanation_1780152809144_transcript,30,of our society um and then of course faith-based order,neutral,0.9016523957252502
63d7b1a77e23b5460ab88069_audio_ranking_explanation_1780152809144_transcript,31,we've seen how a face-based world could be and i'd,neutral,0.756434977054596
67103e4ed56cde03a0f2476b_audio_missing_utopia_1780152799804_transcript,0,The only missing future society I could think of would,negative,0.6961967945098877
67103e4ed56cde03a0f2476b_audio_missing_utopia_1780152799804_transcript,1,be one where everybody is working towards the goal of,neutral,0.5101393461227417
67103e4ed56cde03a0f2476b_audio_missing_utopia_1780152799804_transcript,2,"making the planet a better place, working on lowering down",positive,0.7898417711257935
67103e4ed56cde03a0f2476b_audio_missing_utopia_1780152799804_transcript,3,"pollution, working on making the air quality better, and us",neutral,0.6094510555267334
67103e4ed56cde03a0f2476b_audio_missing_utopia_1780152799804_transcript,4,"all practicing sustainability, and also innovating science and bringing about",positive,0.6199297308921814
67103e4ed56cde03a0f2476b_audio_ranking_explanation_1780152764284_transcript,0,I chose them how I did because religion and AI-centered,neutral,0.759619414806366
67103e4ed56cde03a0f2476b_audio_ranking_explanation_1780152764284_transcript,1,utopias and also rule of law just didn't really seem,negative,0.7453956007957458
67103e4ed56cde03a0f2476b_audio_ranking_explanation_1780152764284_transcript,2,fair. I don't feel like religion benefits everybody. The AI-centered,neutral,0.5158066153526306
67103e4ed56cde03a0f2476b_audio_ranking_explanation_1780152764284_transcript,3,utopia also did not really benefit any humans. And the,negative,0.9192152619361877
67103e4ed56cde03a0f2476b_audio_ranking_explanation_1780152764284_transcript,4,rule of law really only benefited security guards or people,negative,0.48804306983947754
67103e4ed56cde03a0f2476b_audio_ranking_explanation_1780152764284_transcript,5,in power. The only ones that seemed okay for human,neutral,0.5925799012184143
67103e4ed56cde03a0f2476b_audio_ranking_explanation_1780152764284_transcript,6,beings would be like a modern green utopia or a,neutral,0.6173829436302185
67103e4ed56cde03a0f2476b_audio_ranking_explanation_1780152764284_transcript,7,futurist one where the humans still matter and we have,neutral,0.7442148923873901
673e5fc42cbf961c153d09d3_audio_missing_utopia_1780154055552_transcript,0,It would be maybe a utopia that solves the scarcity,neutral,0.5355697274208069
673e5fc42cbf961c153d09d3_audio_missing_utopia_1780154055552_transcript,1,"that has been shown in every single of these descriptions,",neutral,0.8301095366477966
673e5fc42cbf961c153d09d3_audio_missing_utopia_1780154055552_transcript,2,ways that we can ration meals until we have innovated,neutral,0.7746431827545166
673e5fc42cbf961c153d09d3_audio_missing_utopia_1780154055552_transcript,3,and created a stability where food doesn't become an issue.,neutral,0.7232020497322083
673e5fc42cbf961c153d09d3_audio_missing_utopia_1780154055552_transcript,4,No one goes hungry. Everyone is maybe assigned a place,neutral,0.7423431873321533
673e5fc42cbf961c153d09d3_audio_missing_utopia_1780154055552_transcript,5,"to live, so they have a roof over their head,",positive,0.5038576126098633
673e5fc42cbf961c153d09d3_audio_missing_utopia_1780154055552_transcript,6,"and we have time for passions and work, which, while",neutral,0.7292584776878357
673e5fc42cbf961c153d09d3_audio_missing_utopia_1780154055552_transcript,7,"maybe mandatory, is essentially your passion, whatever you would like",neutral,0.6194288730621338
673e5fc42cbf961c153d09d3_audio_missing_utopia_1780154055552_transcript,8,to do. that is my uh ideal utopian society i,neutral,0.6629390716552734
673e5fc42cbf961c153d09d3_audio_missing_utopia_1780154055552_transcript,9,suppose a civilization where culture is exemplified and differences and,neutral,0.8498120903968811
673e5fc42cbf961c153d09d3_audio_missing_utopia_1780154055552_transcript,10,distinctions are while emphasized are celebrated and praised that's essentially,neutral,0.6439462304115295
673e5fc42cbf961c153d09d3_audio_ranking_explanation_1780153918926_transcript,0,"When I look at the religious-based utopia, it seemed solely",neutral,0.6462855339050293
673e5fc42cbf961c153d09d3_audio_ranking_explanation_1780153918926_transcript,1,"reliant on a higher power or a, it was, as",neutral,0.8641198873519897
673e5fc42cbf961c153d09d3_audio_ranking_explanation_1780153918926_transcript,2,"it said, a faith-based utopia. I am just not interested",negative,0.8666472434997559
673e5fc42cbf961c153d09d3_audio_ranking_explanation_1780153918926_transcript,3,"in something like that, the restrictions and the ways that",neutral,0.7010771036148071
673e5fc42cbf961c153d09d3_audio_ranking_explanation_1780153918926_transcript,4,it will harm you mentally. And I feel as though,negative,0.8795506358146667
673e5fc42cbf961c153d09d3_audio_ranking_explanation_1780153918926_transcript,5,it would be a rigid kind of place to live.,negative,0.7434080839157104
673e5fc42cbf961c153d09d3_audio_ranking_explanation_1780153918926_transcript,6,The society of low tech and small scale also wasn't,negative,0.49928414821624756
673e5fc42cbf961c153d09d3_audio_ranking_explanation_1780153918926_transcript,7,"something that I really, really appealed to me. Um, simply",positive,0.851122260093689
673e5fc42cbf961c153d09d3_audio_ranking_explanation_1780153918926_transcript,8,because I find that technology has advanced life in such,positive,0.7660074830055237
673e5fc42cbf961c153d09d3_audio_ranking_explanation_1780153918926_transcript,9,a way where it is harmful should it ever disappear,negative,0.8698752522468567
673e5fc42cbf961c153d09d3_audio_ranking_explanation_1780153918926_transcript,10,"or should we be breathed without it, or breathed of",neutral,0.8699855804443359
673e5fc42cbf961c153d09d3_audio_ranking_explanation_1780153918926_transcript,11,"it. Um, and I just, I feel like without technology,",negative,0.5537198185920715
673e5fc42cbf961c153d09d3_audio_ranking_explanation_1780153918926_transcript,12,we would be primitive again. The rule of law is,negative,0.74705970287323
673e5fc42cbf961c153d09d3_audio_ranking_explanation_1780153918926_transcript,13,also just a very rigid and extremely kind. It's something,neutral,0.505314290523529
673e5fc42cbf961c153d09d3_audio_ranking_explanation_1780153918926_transcript,14,where it doesn't really have too much community. It feels,negative,0.5635941624641418
673e5fc42cbf961c153d09d3_audio_ranking_explanation_1780153918926_transcript,15,"as though it's essentially a dystopia, one that is very",negative,0.7466504573822021
673e5fc42cbf961c153d09d3_audio_ranking_explanation_1780153918926_transcript,16,similar to something you might see in science fiction. And,neutral,0.9166280031204224
673e5fc42cbf961c153d09d3_audio_ranking_explanation_1780153918926_transcript,17,it feels very fascist to me. When I look at,negative,0.9118751883506775
673e5fc42cbf961c153d09d3_audio_ranking_explanation_1780153918926_transcript,18,"the Commonwealth of Intermorality, I think this is where we",neutral,0.705414891242981
673e5fc42cbf961c153d09d3_audio_ranking_explanation_1780153918926_transcript,19,"start to get societies that sound good on paper, but",neutral,0.5760783553123474
673e5fc42cbf961c153d09d3_audio_ranking_explanation_1780153918926_transcript,20,may be a little bit difficult to execute. um morally,negative,0.6312422156333923
673e5fc42cbf961c153d09d3_audio_ranking_explanation_1780153918926_transcript,21,a lot of people might not have the best interest,negative,0.5117526054382324
673e5fc42cbf961c153d09d3_audio_ranking_explanation_1780153918926_transcript,22,for you so the idea of a community a communal,neutral,0.870841920375824
673e5fc42cbf961c153d09d3_audio_ranking_explanation_1780153918926_transcript,23,um way to keep everyone accountable on paper it sounds,neutral,0.6706047058105469
673e5fc42cbf961c153d09d3_audio_ranking_explanation_1780153918926_transcript,24,good but who's to say this would actually enact the,negative,0.5568025708198547
673e5fc42cbf961c153d09d3_audio_ranking_explanation_1780153918926_transcript,25,way that people would think um a green utopia for,neutral,0.7639929056167603
673e5fc42cbf961c153d09d3_audio_ranking_explanation_1780153918926_transcript,26,sustainability sounds great to me as recycling and continuing to,positive,0.928981602191925
673e5fc42cbf961c153d09d3_audio_ranking_explanation_1780153918926_transcript,27,relieve the pressure on climate is something that's important to,neutral,0.6109169125556946
673e5fc42cbf961c153d09d3_audio_ranking_explanation_1780153918926_transcript,28,"me. In data-driven governance, I think that AI is essentially",neutral,0.7835702300071716
673e5fc42cbf961c153d09d3_audio_ranking_explanation_1780153918926_transcript,29,"the future. I think that it will, while it may",positive,0.6074672341346741
673e5fc42cbf961c153d09d3_audio_ranking_explanation_1780153918926_transcript,30,be used in very peculiar ways and It may need,neutral,0.5866502523422241
673e5fc42cbf961c153d09d3_audio_ranking_explanation_1780153918926_transcript,31,"governance, and we might need to put legality around it.",neutral,0.7421630024909973
673e5fc42cbf961c153d09d3_audio_ranking_explanation_1780153918926_transcript,32,The idea of AI being a push for the future,neutral,0.5188753008842468
673e5fc42cbf961c153d09d3_audio_ranking_explanation_1780153918926_transcript,33,is always something that resonates deeply with me. And for,positive,0.9389931559562683
673e5fc42cbf961c153d09d3_audio_ranking_explanation_1780153918926_transcript,34,"the futurist utopia, I think that is essentially just the",neutral,0.7088143825531006
673e5fc42cbf961c153d09d3_audio_ranking_explanation_1780153918926_transcript,35,"best one from here, simply because it's how we continuously",positive,0.9459079504013062
673e5fc42cbf961c153d09d3_audio_ranking_explanation_1780153918926_transcript,36,progress anyway. through science and innovation. It's something that is,positive,0.6645791530609131
673e5fc42cbf961c153d09d3_audio_ranking_explanation_1780153918926_transcript,37,essentially our society now. So it's almost like going back,neutral,0.5967824459075928
69c4160ec318cfcd7d4f37a4_audio_missing_utopia_1780153517199_transcript,0,um while i'm thinking about this i don't think that,neutral,0.572636067867279
69c4160ec318cfcd7d4f37a4_audio_missing_utopia_1780153517199_transcript,1,there's anything in particular that's missing what i think would,neutral,0.6635153293609619
69c4160ec318cfcd7d4f37a4_audio_missing_utopia_1780153517199_transcript,2,be most ideal for my personal perspective um and again,positive,0.5293577909469604
69c4160ec318cfcd7d4f37a4_audio_missing_utopia_1780153517199_transcript,3,i mean it's just based on a whim here and,neutral,0.8105509877204895
69c4160ec318cfcd7d4f37a4_audio_missing_utopia_1780153517199_transcript,4,what i've what i've read over the last 15 minutes,neutral,0.9351294040679932
69c4160ec318cfcd7d4f37a4_audio_missing_utopia_1780153517199_transcript,5,um i think that it would be most ideal to,positive,0.6739808320999146
69c4160ec318cfcd7d4f37a4_audio_missing_utopia_1780153517199_transcript,6,take certain factors probably from like my top three or,neutral,0.9058260917663574
69c4160ec318cfcd7d4f37a4_audio_missing_utopia_1780153517199_transcript,7,four choices and i would kind to mix and match,neutral,0.8300530910491943
69c4160ec318cfcd7d4f37a4_audio_missing_utopia_1780153517199_transcript,8,and collaborate a few of those together to get an,neutral,0.8764197826385498
69c4160ec318cfcd7d4f37a4_audio_missing_utopia_1780153517199_transcript,9,adaptation of the best of all those things I think,neutral,0.680233359336853
69c4160ec318cfcd7d4f37a4_audio_missing_utopia_1780153517199_transcript,10,we should be look for sustainability but I think technology,neutral,0.6823900938034058
69c4160ec318cfcd7d4f37a4_audio_missing_utopia_1780153517199_transcript,11,has a place you know I think religion has a,neutral,0.8766880631446838
69c4160ec318cfcd7d4f37a4_audio_missing_utopia_1780153517199_transcript,12,place I think that it's good to get down to,positive,0.7621223330497742
69c4160ec318cfcd7d4f37a4_audio_missing_utopia_1780153517199_transcript,13,our roots and be a little bit primitive if we,neutral,0.616864800453186
69c4160ec318cfcd7d4f37a4_audio_missing_utopia_1780153517199_transcript,14,were broken down into you know there's a lot of,neutral,0.6720510721206665
69c4160ec318cfcd7d4f37a4_audio_missing_utopia_1780153517199_transcript,15,different factors but yeah I think mix and matching a,neutral,0.8718361854553223
69c4160ec318cfcd7d4f37a4_audio_missing_utopia_1780153517199_transcript,16,couple of the best aspects of the top couple groups,positive,0.9541640877723694
69c4160ec318cfcd7d4f37a4_audio_ranking_explanation_1780153331642_transcript,0,uh yeah so I was trying to think about that,neutral,0.8511700630187988
69c4160ec318cfcd7d4f37a4_audio_ranking_explanation_1780153331642_transcript,1,in my head as well um while I am excited,positive,0.8827877640724182
69c4160ec318cfcd7d4f37a4_audio_ranking_explanation_1780153331642_transcript,2,for the new innovations that science and technology have brought,positive,0.8588209748268127
69c4160ec318cfcd7d4f37a4_audio_ranking_explanation_1780153331642_transcript,3,us as I am a pretty big fan of science,positive,0.9272093176841736
69c4160ec318cfcd7d4f37a4_audio_ranking_explanation_1780153331642_transcript,4,not only does it interest me but I think it,positive,0.8245689868927002
69c4160ec318cfcd7d4f37a4_audio_ranking_explanation_1780153331642_transcript,5,does have a place in making society better um I,neutral,0.7824910879135132
69c4160ec318cfcd7d4f37a4_audio_ranking_explanation_1780153331642_transcript,6,don't know that I would go to the point of,negative,0.5225092768669128
69c4160ec318cfcd7d4f37a4_audio_ranking_explanation_1780153331642_transcript,7,wanting it AI centered um and data driven by the,neutral,0.8509489297866821
69c4160ec318cfcd7d4f37a4_audio_ranking_explanation_1780153331642_transcript,8,government governance but um so that's number three i think,neutral,0.8726999163627625
69c4160ec318cfcd7d4f37a4_audio_ranking_explanation_1780153331642_transcript,9,number number one would be the futurist utopia because i,neutral,0.6752843260765076
69c4160ec318cfcd7d4f37a4_audio_ranking_explanation_1780153331642_transcript,10,do have a lot of support and respect for science,positive,0.7113579511642456
69c4160ec318cfcd7d4f37a4_audio_ranking_explanation_1780153331642_transcript,11,and innovation um i think the moral commonwealth i mean,neutral,0.7560924887657166
69c4160ec318cfcd7d4f37a4_audio_ranking_explanation_1780153331642_transcript,12,i think it seems a little unrealistic because you're always,negative,0.5048224329948425
69c4160ec318cfcd7d4f37a4_audio_ranking_explanation_1780153331642_transcript,13,gonna have people who want to do their own thing,neutral,0.6693062782287598
69c4160ec318cfcd7d4f37a4_audio_ranking_explanation_1780153331642_transcript,14,um and no one's moral levels i i mean it,negative,0.8671122789382935
69c4160ec318cfcd7d4f37a4_audio_ranking_explanation_1780153331642_transcript,15,would be interesting to see how that would work but,neutral,0.7967671751976013
69c4160ec318cfcd7d4f37a4_audio_ranking_explanation_1780153331642_transcript,16,if it could i think that would be great um,positive,0.9206481575965881
69c4160ec318cfcd7d4f37a4_audio_ranking_explanation_1780153331642_transcript,17,three would be the data centers because um I think,neutral,0.894889771938324
69c4160ec318cfcd7d4f37a4_audio_ranking_explanation_1780153331642_transcript,18,that we can get to a point with AI as,neutral,0.8269773721694946
69c4160ec318cfcd7d4f37a4_audio_ranking_explanation_1780153331642_transcript,19,long I mean that's take as long as it doesn't,negative,0.5885459184646606
69c4160ec318cfcd7d4f37a4_audio_ranking_explanation_1780153331642_transcript,20,kill us is really the thing because that's what it's,negative,0.851721465587616
69c4160ec318cfcd7d4f37a4_audio_ranking_explanation_1780153331642_transcript,21,about um if that's taken out as a factor then,neutral,0.8339221477508545
69c4160ec318cfcd7d4f37a4_audio_ranking_explanation_1780153331642_transcript,22,yeah I think AI you know centered utopia would be,neutral,0.7800012826919556
69c4160ec318cfcd7d4f37a4_audio_ranking_explanation_1780153331642_transcript,23,would be great aside from that um modern green utopia,positive,0.7770282626152039
69c4160ec318cfcd7d4f37a4_audio_ranking_explanation_1780153331642_transcript,24,followed by primitivist utopia I could live happily in both,positive,0.8230414390563965
69c4160ec318cfcd7d4f37a4_audio_ranking_explanation_1780153331642_transcript,25,"of those lives. I mean, we would be foregoing some",neutral,0.6547960638999939
69c4160ec318cfcd7d4f37a4_audio_ranking_explanation_1780153331642_transcript,26,"amenities that I think everyone enjoys, but it would bring",positive,0.6512274742126465
69c4160ec318cfcd7d4f37a4_audio_ranking_explanation_1780153331642_transcript,27,us back to our roots in nature. Below that is,neutral,0.8516956567764282
69c4160ec318cfcd7d4f37a4_audio_ranking_explanation_1780153331642_transcript,28,"institutional utopia, which is basically like where we're living right",neutral,0.7593721747398376
69c4160ec318cfcd7d4f37a4_audio_ranking_explanation_1780153331642_transcript,29,"now, which isn't awesome, but still better than religious based",negative,0.3953905999660492
69c4160ec318cfcd7d4f37a4_audio_ranking_explanation_1780153331642_transcript,30,"utopia. I mean, and that would really depend on what",neutral,0.7362492680549622
69c4160ec318cfcd7d4f37a4_audio_ranking_explanation_1780153331642_transcript,31,religion we're talking about. Are we talking about religion that,neutral,0.8625394701957703
69c4160ec318cfcd7d4f37a4_audio_ranking_explanation_1780153331642_transcript,32,has been adulterated over the last century or so or,neutral,0.5352946519851685
69c4160ec318cfcd7d4f37a4_audio_ranking_explanation_1780153331642_transcript,33,you know actual you know religion that can mean a,neutral,0.8469898700714111
69c4160ec318cfcd7d4f37a4_audio_ranking_explanation_1780153331642_transcript,34,lot of different things so that's my reasoning and why,neutral,0.7794607281684875
69e91fd1a613772e648e565a_audio_missing_utopia_1780153851261_transcript,0,I believe the societies provided covered all that would be,neutral,0.8417544960975647
69e91fd1a613772e648e565a_audio_missing_utopia_1780153851261_transcript,1,"expected, but what I share was missing is a society",negative,0.6083544492721558
69e91fd1a613772e648e565a_audio_missing_utopia_1780153851261_transcript,2,where some futures could be incorporated. Maybe a society that,neutral,0.864342212677002
69e91fd1a613772e648e565a_audio_missing_utopia_1780153851261_transcript,3,"uses the sustainability and technology, or maybe the one that",neutral,0.8230357766151428
69e91fd1a613772e648e565a_audio_missing_utopia_1780153851261_transcript,4,uses the institutional and AI center together. I think the,neutral,0.9075732827186584
69e91fd1a613772e648e565a_audio_ranking_explanation_1780153689923_transcript,0,I believe that a society that is sustainable and safe,positive,0.7074206471443176
69e91fd1a613772e648e565a_audio_ranking_explanation_1780153689923_transcript,1,"will be the best for the society, irrespective of where",positive,0.7311261892318726
69e91fd1a613772e648e565a_audio_ranking_explanation_1780153689923_transcript,2,"the resources will be abundant, good sleep will be good,",positive,0.9695776104927063
69e91fd1a613772e648e565a_audio_ranking_explanation_1780153689923_transcript,3,"people will be healthy so diseases will be less, that",positive,0.601902961730957
69e91fd1a613772e648e565a_audio_ranking_explanation_1780153689923_transcript,4,is a role in which people can live up to.,neutral,0.65776526927948
69e91fd1a613772e648e565a_audio_ranking_explanation_1780153689923_transcript,5,"I chose the second one as for the moral commonwealth,",neutral,0.8604166507720947
69e91fd1a613772e648e565a_audio_ranking_explanation_1780153689923_transcript,6,because I believe people in themselves can find the heart,positive,0.5100973844528198
69e91fd1a613772e648e565a_audio_ranking_explanation_1780153689923_transcript,7,to live with each other harmoniously and govern themselves. Unlike,neutral,0.7808970212936401
69e91fd1a613772e648e565a_audio_ranking_explanation_1780153689923_transcript,8,for the institutional where we have to buy trust to,neutral,0.8573769927024841
69e91fd1a613772e648e565a_audio_ranking_explanation_1780153689923_transcript,9,institutional and a question of trust a licensure to who,neutral,0.8951829075813293
69e91fd1a613772e648e565a_audio_ranking_explanation_1780153689923_transcript,10,governs those institutions the ai the ai one is centuries,neutral,0.8497605919837952
69e91fd1a613772e648e565a_audio_ranking_explanation_1780153689923_transcript,11,have a question of privacy the possibility as who controls,neutral,0.8617478013038635
69e91fd1a613772e648e565a_audio_ranking_explanation_1780153689923_transcript,12,it so that we can be learned for the science,neutral,0.8379603028297424
69e91fd1a613772e648e565a_audio_ranking_explanation_1780153689923_transcript,13,and innovation it will be difficult to have a trust,negative,0.5465829968452454
69e91fd1a613772e648e565a_audio_ranking_explanation_1780153689923_transcript,14,"on AI systems and a whole. And for the primitives,",neutral,0.8704714775085449
69e91fd1a613772e648e565a_audio_ranking_explanation_1780153689923_transcript,15,"primitivist and religious, that's quite difficult because I believe there",neutral,0.5735745429992676
69e91fd1a613772e648e565a_audio_ranking_explanation_1780153689923_transcript,16,would be a lot of bias and a lot of,negative,0.7220296263694763
69fe9e67a20599144f688b50_audio_missing_utopia_1780153147993_transcript,0,I really don't think that there was a missing utopia.,negative,0.5968970656394958
69fe9e67a20599144f688b50_audio_missing_utopia_1780153147993_transcript,1,I think the seven that were presented kind of hit,positive,0.6404345035552979
69fe9e67a20599144f688b50_audio_missing_utopia_1780153147993_transcript,2,them all. I guess the only additional utopia maybe that,neutral,0.7885046005249023
69fe9e67a20599144f688b50_audio_missing_utopia_1780153147993_transcript,3,should have been included would be one in which technology,neutral,0.8138777017593384
69fe9e67a20599144f688b50_audio_missing_utopia_1780153147993_transcript,4,"was rejected, but religion was not accepted in its place.",negative,0.5507732629776001
69fe9e67a20599144f688b50_audio_missing_utopia_1780153147993_transcript,5,um so primitive but no guiding principle to live by,negative,0.8768279552459717
69fe9e67a20599144f688b50_audio_missing_utopia_1780153147993_transcript,6,like not really a law or religion or morality that,neutral,0.5957117080688477
69fe9e67a20599144f688b50_audio_missing_utopia_1780153147993_transcript,7,might have been covering the primitive utopia um i'm not,neutral,0.7250441908836365
69fe9e67a20599144f688b50_audio_missing_utopia_1780153147993_transcript,8,entirely sure but basically a rejection of technology but no,neutral,0.5163908004760742
69fe9e67a20599144f688b50_audio_missing_utopia_1780153147993_transcript,9,um corruptible human institution in its place um not really,negative,0.7384146451950073
69fe9e67a20599144f688b50_audio_ranking_explanation_1780153014058_transcript,0,"So, I ranked religious utopia last because I have seen",neutral,0.7583978176116943
69fe9e67a20599144f688b50_audio_ranking_explanation_1780153014058_transcript,1,"the terrible things that religion can do, and on a",negative,0.9131030440330505
69fe9e67a20599144f688b50_audio_ranking_explanation_1780153014058_transcript,2,"large scale, that would never be a utopia. For the",negative,0.8183975219726562
69fe9e67a20599144f688b50_audio_ranking_explanation_1780153014058_transcript,3,same reason that I put intermorality and rule of law,neutral,0.7692602276802063
69fe9e67a20599144f688b50_audio_ranking_explanation_1780153014058_transcript,4,"near the bottom, these involve too much of people that",negative,0.6075420379638672
69fe9e67a20599144f688b50_audio_ranking_explanation_1780153014058_transcript,5,"are easily corrupt. particularly in religion, there's always going to",negative,0.7811391353607178
69fe9e67a20599144f688b50_audio_ranking_explanation_1780153014058_transcript,6,be a leader that thinks they know more than anyone,neutral,0.5113571882247925
69fe9e67a20599144f688b50_audio_ranking_explanation_1780153014058_transcript,7,"else, which is the same thing that happens with the",neutral,0.8357359170913696
69fe9e67a20599144f688b50_audio_ranking_explanation_1780153014058_transcript,8,moral commonwealth and the institutional utopia. Someone is always going,neutral,0.806175172328949
69fe9e67a20599144f688b50_audio_ranking_explanation_1780153014058_transcript,9,"to screw that up for the people under them, particularly",negative,0.905834972858429
69fe9e67a20599144f688b50_audio_ranking_explanation_1780153014058_transcript,10,in religion where there is a larger chance of mania,neutral,0.6111879348754883
69fe9e67a20599144f688b50_audio_ranking_explanation_1780153014058_transcript,11,occurring. I put AI-centered utopia right in the middle because,neutral,0.7690777778625488
69fe9e67a20599144f688b50_audio_ranking_explanation_1780153014058_transcript,12,that seems a little too corruptible and also we don't,negative,0.7483050227165222
69fe9e67a20599144f688b50_audio_ranking_explanation_1780153014058_transcript,13,"know enough about AI, but I still thought that was",neutral,0.746503472328186
69fe9e67a20599144f688b50_audio_ranking_explanation_1780153014058_transcript,14,better than the three bottom tiers. Primitivist Utopia was number,neutral,0.6320644021034241
69fe9e67a20599144f688b50_audio_ranking_explanation_1780153014058_transcript,15,"three, low-tech, small-scale. I think that could go either way,",neutral,0.7467408776283264
69fe9e67a20599144f688b50_audio_ranking_explanation_1780153014058_transcript,16,but it seemed less dangerous than the the tiers near,neutral,0.502842903137207
69fe9e67a20599144f688b50_audio_ranking_explanation_1780153014058_transcript,17,the bottom my second and first were futurist utopia and,neutral,0.8389418125152588
69fe9e67a20599144f688b50_audio_ranking_explanation_1780153014058_transcript,18,modern green utopia modern green one for that word sustainable,positive,0.5542065501213074
69fe9e67a20599144f688b50_audio_ranking_explanation_1780153014058_transcript,19,sustainable and secure if we are looking at a society,neutral,0.7023851871490479
69fe9e67a20599144f688b50_audio_ranking_explanation_1780153014058_transcript,20,that has limited resources that needs to continue on as,negative,0.6705573201179504
69fe9e67a20599144f688b50_audio_ranking_explanation_1780153014058_transcript,21,long as possible sustainability is going to be the key,positive,0.6077322959899902
69fe9e67a20599144f688b50_audio_ranking_explanation_1780153014058_transcript,22,so that is why modern green utopia went in first,neutral,0.7915259599685669
69fe9e67a20599144f688b50_audio_ranking_explanation_1780153014058_transcript,23,place with futurist utopia slowly behind it because of its,neutral,0.6597201824188232
69fe9e67a20599144f688b50_audio_ranking_explanation_1780153014058_transcript,24,"reliance on science and innovation, meaning that if things started",neutral,0.6959789991378784
69fe9e67a20599144f688b50_audio_ranking_explanation_1780153014058_transcript,25,"to perhaps become less than ideal, the people in the",negative,0.7259766459465027
69fe9e67a20599144f688b50_audio_ranking_explanation_1780153014058_transcript,26,society could innovate and possibly get out of any problems,neutral,0.4790007472038269
69fe9e67a20599144f688b50_audio_ranking_explanation_1780153014058_transcript,27,"that they have. So yeah, that's why my ranking went",neutral,0.8029477000236511
69fe9e67a20599144f688b50_audio_ranking_explanation_1780153014058_transcript,28,the way it did. I'm always going to rank things,neutral,0.7531558871269226
69fe9e67a20599144f688b50_audio_ranking_explanation_1780153014058_transcript,29,that aren't as corruptible near the top and the things,neutral,0.5170513987541199
69fe9e67a20599144f688b50_audio_ranking_explanation_1780153014058_transcript,30,"that I view as extremely corruptible, such as religion or",negative,0.826372504234314
6a08b810d807f5805aabe02e_audio_missing_utopia_1780152771053_transcript,0,"And to be very honest, I don't think that there",negative,0.47115379571914673
6a08b810d807f5805aabe02e_audio_missing_utopia_1780152771053_transcript,1,was anything missing. I think that there was a good,neutral,0.5727368593215942
6a08b810d807f5805aabe02e_audio_missing_utopia_1780152771053_transcript,2,selection of options of different kind of societies and utopias.,neutral,0.83814537525177
6a08b810d807f5805aabe02e_audio_missing_utopia_1780152771053_transcript,3,"Yeah, I think they were all really, I think they",neutral,0.5777930617332458
6a08b810d807f5805aabe02e_audio_missing_utopia_1780152771053_transcript,4,were all kind of well explained. And I don't think,neutral,0.64536052942276
6a08b810d807f5805aabe02e_audio_missing_utopia_1780152771053_transcript,5,"that there could have been any other option. You know,",neutral,0.7304345965385437
6a08b810d807f5805aabe02e_audio_missing_utopia_1780152771053_transcript,6,"we had the futuristic, we had the sustainable one, the",positive,0.6815336346626282
6a08b810d807f5805aabe02e_audio_missing_utopia_1780152771053_transcript,7,"more green focused one. we had the AI driven one,",neutral,0.7427269220352173
6a08b810d807f5805aabe02e_audio_missing_utopia_1780152771053_transcript,8,"law, moral. I think that those were really kind of",positive,0.5571197867393494
6a08b810d807f5805aabe02e_audio_missing_utopia_1780152771053_transcript,9,"describing all of them besides maybe like a, just a",neutral,0.8797509074211121
6a08b810d807f5805aabe02e_audio_missing_utopia_1780152771053_transcript,10,all out free for all where there's no rules and,neutral,0.7003429532051086
6a08b810d807f5805aabe02e_audio_missing_utopia_1780152771053_transcript,11,there's no governance and everyone does what they want and,negative,0.7161366939544678
6a08b810d807f5805aabe02e_audio_missing_utopia_1780152771053_transcript,12,everyone protects themselves and everyone fends for themselves. I feel,neutral,0.6709908843040466
6a08b810d807f5805aabe02e_audio_missing_utopia_1780152771053_transcript,13,like that could be a certain society that's missing. And,negative,0.49454396963119507
6a08b810d807f5805aabe02e_audio_missing_utopia_1780152771053_transcript,14,"to be honest, I would hate for that. I would",negative,0.9240269064903259
6a08b810d807f5805aabe02e_audio_missing_utopia_1780152771053_transcript,15,"hate that kind of society where there's just no, There's",negative,0.9337218999862671
6a08b810d807f5805aabe02e_audio_missing_utopia_1780152771053_transcript,16,no societal rules. There's no legal rules. There's no consequence.,neutral,0.599581241607666
6a08b810d807f5805aabe02e_audio_missing_utopia_1780152771053_transcript,17,And everybody takes things into their own hands. I think,neutral,0.7264994978904724
6a08b810d807f5805aabe02e_audio_missing_utopia_1780152771053_transcript,18,"that would be very chaotic. Interesting in theory, but I",neutral,0.49813058972358704
6a08b810d807f5805aabe02e_audio_missing_utopia_1780152771053_transcript,19,think that just knowing how humans react when there's no,neutral,0.7056668996810913
6a08b810d807f5805aabe02e_audio_missing_utopia_1780152771053_transcript,20,rules and there's no governance and there's no consequences to,negative,0.7622809410095215
6a08b810d807f5805aabe02e_audio_ranking_explanation_1780152676536_transcript,0,I put modern or green utopia as being my most,neutral,0.5285221338272095
6a08b810d807f5805aabe02e_audio_ranking_explanation_1780152676536_transcript,1,preferred because I really do just see that being the,neutral,0.7854999899864197
6a08b810d807f5805aabe02e_audio_ranking_explanation_1780152676536_transcript,2,most ideal and most utopian way to live for me,positive,0.7787859439849854
6a08b810d807f5805aabe02e_audio_ranking_explanation_1780152676536_transcript,3,as far as everything is sustainable and it's secure. And,positive,0.5399407744407654
6a08b810d807f5805aabe02e_audio_ranking_explanation_1780152676536_transcript,4,I think that's the most important part about it all,positive,0.8461308479309082
6a08b810d807f5805aabe02e_audio_ranking_explanation_1780152676536_transcript,5,"as far as ranking, because as long as the way",neutral,0.8251826763153076
6a08b810d807f5805aabe02e_audio_ranking_explanation_1780152676536_transcript,6,"of life is secure, I mean, nothing can ever be",neutral,0.5697978138923645
6a08b810d807f5805aabe02e_audio_ranking_explanation_1780152676536_transcript,7,100 percent. But to even have the main structure to,neutral,0.7194811105728149
6a08b810d807f5805aabe02e_audio_ranking_explanation_1780152676536_transcript,8,be just secure would be the best for me. After,positive,0.8172191977500916
6a08b810d807f5805aabe02e_audio_ranking_explanation_1780152676536_transcript,9,"that, I chose futuristic just because to have more science",neutral,0.6065840125083923
6a08b810d807f5805aabe02e_audio_ranking_explanation_1780152676536_transcript,10,"and innovation is kind of crucial, I would say, in",neutral,0.5205116271972656
6a08b810d807f5805aabe02e_audio_ranking_explanation_1780152676536_transcript,11,"the advancement of human life. It's crucial and it's important,",positive,0.9104830622673035
6a08b810d807f5805aabe02e_audio_ranking_explanation_1780152676536_transcript,12,but maybe not the most crucial important. So I put,neutral,0.6001289486885071
6a08b810d807f5805aabe02e_audio_ranking_explanation_1780152676536_transcript,13,"it at the sixth place. number five, I put the",neutral,0.9084022641181946
6a08b810d807f5805aabe02e_audio_ranking_explanation_1780152676536_transcript,14,moral commonwealth or just having inner morality. I feel like,neutral,0.783203661441803
6a08b810d807f5805aabe02e_audio_ranking_explanation_1780152676536_transcript,15,it would be nice to live in a life like,positive,0.6563564538955688
6a08b810d807f5805aabe02e_audio_ranking_explanation_1780152676536_transcript,16,that where everybody kind of just knows what to do.,neutral,0.7542011141777039
6a08b810d807f5805aabe02e_audio_ranking_explanation_1780152676536_transcript,17,"And everyone just tries their best to be good people,",positive,0.821747362613678
6a08b810d807f5805aabe02e_audio_ranking_explanation_1780152676536_transcript,18,"good business partners, you know, and just be good people",positive,0.7418673038482666
6a08b810d807f5805aabe02e_audio_ranking_explanation_1780152676536_transcript,19,"to each other, whether that's just in, you know, person",neutral,0.8554328680038452
6a08b810d807f5805aabe02e_audio_ranking_explanation_1780152676536_transcript,20,"to person or business to consumer, you know, I do,",neutral,0.8274602890014648
6a08b810d807f5805aabe02e_audio_ranking_explanation_1780152676536_transcript,21,I would think that that's a kind of a nice,positive,0.5058973431587219
6a08b810d807f5805aabe02e_audio_ranking_explanation_1780152676536_transcript,22,"way to live, but unpractical or not. I wouldn't say",neutral,0.7516767382621765
6a08b810d807f5805aabe02e_audio_ranking_explanation_1780152676536_transcript,23,unpractical. I would say kind of not realistic. I put,negative,0.8200623989105225
6a08b810d807f5805aabe02e_audio_ranking_explanation_1780152676536_transcript,24,"the rule, the institutional utopia as the, my fourth most",neutral,0.6401528716087341
6a08b810d807f5805aabe02e_audio_ranking_explanation_1780152676536_transcript,25,"prefer the rule of law, because I think that's kind",neutral,0.5718867778778076
6a08b810d807f5805aabe02e_audio_ranking_explanation_1780152676536_transcript,26,of how we live today where there's just a lot,neutral,0.6964219212532043
6a08b810d807f5805aabe02e_audio_ranking_explanation_1780152676536_transcript,27,of laws. There's just a lot of rules and there's,neutral,0.6677260398864746
6a08b810d807f5805aabe02e_audio_ranking_explanation_1780152676536_transcript,28,"set, you know, consequences to those rules which can be",neutral,0.830489456653595
6a08b810d807f5805aabe02e_audio_ranking_explanation_1780152676536_transcript,29,ideal because you know i think that for every action,neutral,0.6655153632164001
6a08b810d807f5805aabe02e_audio_ranking_explanation_1780152676536_transcript,30,there needs to be a consequence or reaction especially because,neutral,0.5658355951309204
6a08b810d807f5805aabe02e_audio_ranking_explanation_1780152676536_transcript,31,everyone doesn't have the same mental processes and there's certain,neutral,0.566072940826416
6a08b810d807f5805aabe02e_audio_ranking_explanation_1780152676536_transcript,32,actions that are just not okay and there needs to,negative,0.897315263748169
6a08b810d807f5805aabe02e_audio_ranking_explanation_1780152676536_transcript,33,be consequences in place to deter people from doing that,neutral,0.497892826795578
6a08b810d807f5805aabe02e_audio_ranking_explanation_1780152676536_transcript,34,"um which i think can happen in the moral Commonwealth,",neutral,0.8993089199066162
6a08b810d807f5805aabe02e_audio_ranking_explanation_1780152676536_transcript,35,"futuristic utopia, and the modern green utopia. So I don't",neutral,0.7214255928993225
6a08b810d807f5805aabe02e_audio_ranking_explanation_1780152676536_transcript,36,think that that's kind of the most ideal way for,positive,0.5212120413780212
6a08b810d807f5805aabe02e_audio_ranking_explanation_1780152676536_transcript,37,me to live or for us to live. And then,neutral,0.8750624656677246
6a08b810d807f5805aabe02e_audio_ranking_explanation_1780152676536_transcript,38,"for my last bottom three places, I chose the primitive",neutral,0.7664684057235718
6a08b810d807f5805aabe02e_audio_ranking_explanation_1780152676536_transcript,39,"utopia, the AI-centered utopia, and then the religious utopia. And",neutral,0.859876811504364
6a08b810d807f5805aabe02e_audio_ranking_explanation_1780152676536_transcript,40,"I said that because low tech, small scale, I'm a",neutral,0.6055968999862671
6a08b810d807f5805aabe02e_audio_ranking_explanation_1780152676536_transcript,41,maximalist. I love the idea of having you know not,positive,0.8792677521705627
6a08b810d807f5805aabe02e_audio_ranking_explanation_1780152676536_transcript,42,many not a lot of tech and being very kind,neutral,0.48354822397232056
6a08b810d807f5805aabe02e_audio_ranking_explanation_1780152676536_transcript,43,of small scale in theory it's very nice and calm,positive,0.933730959892273
6a08b810d807f5805aabe02e_audio_ranking_explanation_1780152676536_transcript,44,and peaceful but in in practice it's after being kind,positive,0.5240044593811035
6a08b810d807f5805aabe02e_audio_ranking_explanation_1780152676536_transcript,45,of used to the way things are i feel like,neutral,0.5537112951278687
6a08b810d807f5805aabe02e_audio_ranking_explanation_1780152676536_transcript,46,that would be not ideal um ai centered utopia i,negative,0.8806658983230591
6a08b810d807f5805aabe02e_audio_ranking_explanation_1780152676536_transcript,47,think that that's a terrible way to live i think,negative,0.938817024230957
6a08b810d807f5805aabe02e_audio_ranking_explanation_1780152676536_transcript,48,that ai can be useful i think it can be,positive,0.8360804915428162
6a08b810d807f5805aabe02e_audio_ranking_explanation_1780152676536_transcript,49,implemented well um in certain systems to help advance life.,positive,0.5981024503707886
6a08b810d807f5805aabe02e_audio_ranking_explanation_1780152676536_transcript,50,But I don't think that having an AI-centered utopia or,neutral,0.5079070925712585
6a08b810d807f5805aabe02e_audio_ranking_explanation_1780152676536_transcript,51,just data-driven governance is good because technology can make mistakes.,neutral,0.5120329856872559
6a08b810d807f5805aabe02e_audio_ranking_explanation_1780152676536_transcript,52,And I think that human oversight is important. And just,positive,0.49877193570137024
6a08b810d807f5805aabe02e_audio_ranking_explanation_1780152676536_transcript,53,to be in a society where it's kind of like,neutral,0.7743391394615173
6a08b810d807f5805aabe02e_audio_ranking_explanation_1780152676536_transcript,54,"just ruled by AI, I don't think that would be",negative,0.5606783032417297
6a08b810d807f5805aabe02e_audio_ranking_explanation_1780152676536_transcript,55,good. And then I had my religious utopia or faith-based,positive,0.5811668038368225
6a08b810d807f5805aabe02e_audio_ranking_explanation_1780152676536_transcript,56,order last because there's so many religions and everybody interprets,neutral,0.6593692302703857
6a08b810d807f5805aabe02e_audio_ranking_explanation_1780152676536_transcript,57,religion differently that to just have a society based on,neutral,0.7437044382095337
6a08b810d807f5805aabe02e_audio_ranking_explanation_1780152676536_transcript,58,"religion can get really hectic really fast. And then, you",negative,0.4981650412082672
6a08b810d807f5805aabe02e_audio_ranking_explanation_1780152676536_transcript,59,"know, next thing you know, we're having like the witch",neutral,0.6339829564094543
6a08b810d807f5805aabe02e_audio_ranking_explanation_1780152676536_transcript,60,hunt trials again. And I just think that it's important,positive,0.7250199317932129
6a08b810d807f5805aabe02e_audio_ranking_explanation_1780152676536_transcript,61,"to just keep faith out of like governance, I would",neutral,0.7573627829551697
6a08b810d807f5805aabe02e_audio_ranking_explanation_1780152676536_transcript,62,"say, of people just because everybody believes in such different",neutral,0.801418125629425
